"","지역","이름","lat","long"
"0","서울","역삼아레나빌딩","37.501087","127.043069"
"1","서울","논현역사거리","37.510178","127.022223"
"2","서울","신사역성일빌딩","37.5139309","127.0206057"
"3","서울","국기원사거리","37.499517","127.031495"
"4","서울","대치재경빌딩R","37.494668","127.062583"
"5","서울","봉은사역","37.515000","127.063196"
"6","서울","압구정윤성빌딩","37.5227934","127.0286009"
"7","서울","코엑스별마당","37.510150","127.060275"
"8","서울","삼성역섬유센터R","37.507750","127.060651"
"9","서울","압구정R","37.5273669","127.033061"
"10","서울","수서역R","37.488008","127.102650"
"11","서울","양재강남빌딩R","37.485192","127.036685"
"12","서울","선릉동신빌딩R","37.505321","127.050409"
"13","서울","봉은사로선정릉","37.511293","127.048409"
"14","서울","강남오거리","37.502117","127.026672"
"15","서울","스타필드코엑스몰R","37.50999","127.061455"
"16","서울","강남구청정문","37.518181","127.045995"
"17","서울","도곡공원","37.492805","127.041309"
"18","서울","강남R","37.497711","127.028439"
"19","서울","대치은마사거리","37.498973","127.060172"
"20","서울","청담영동대로","37.522156","127.056449"
"21","서울","압구정","37.526283","127.02956"
"22","서울","신사가로수","37.521933","127.022521"
"23","서울","청담스타R","37.525216","127.041827"
"24","서울","강남우성","37.492396","127.03091"
"25","서울","학동사거리","37.52236449999999","127.03795430000002"
"26","서울","대치사거리","37.503331","127.058817"
"27","서울","포스코사거리","37.5075307","127.05742710000004"
"28","서울","을지병원사거리","37.5191632","127.0286446"
"29","서울","신사역","37.5162021","127.0207428"
"30","서울","도곡역","37.492167","127.057398"
"31","서울","서울세관사거리","37.514887","127.035653"
"32","서울","청담사거리","37.5236351","127.04686509999999"
"33","서울","한티역","37.496801","127.055055"
"34","서울","역삼초교사거리","37.4941059","127.03299730000003"
"35","서울","코엑스몰","37.513715","127.059245"
"36","서울","가로수길","37.5231593","127.02162499999997"
"37","서울","역삼대로","37.501623","127.039375"
"38","서울","역삼포스코","37.499721","127.033582"
"39","서울","강남대로","37.50314","127.025546"
"40","서울","청담","37.5243631","127.05155990000003"
"41","서울","삼성도심공항","37.5097863","127.05791339999996"
"42","서울","삼성교","37.507794","127.06517"
"43","서울","학동역","37.51464884","127.0307302"
"44","서울","대치","37.49966175","127.0622171"
"45","서울","SSG마켓도곡R","37.490298","127.054895"
"46","서울","삼성","37.50703529","127.0555503"
"47","서울","선릉세화빌딩","37.50377562","127.051196"
"48","서울","압구정역","37.52674095","127.0281105"
"49","서울","압구정로","37.52680046","127.0347174"
"50","서울","구역삼사거리","37.49592355","127.0388645"
"51","서울","큰길타워","37.50236693","127.0407"
"52","서울","강남구청역","37.5165849","127.04124330000002"
"53","서울","대치역","37.493554","127.061874"
"54","서울","포이","37.47781106","127.0451411"
"55","서울","아크플레이스","37.49971982","127.0349084"
"56","서울","학여울역","37.49803646","127.0684943"
"57","서울","선정릉역","37.51075489999999","127.04455970000003"
"58","서울","삼성현대힐","37.51354184","127.0527183"
"59","서울","GS타워","37.5018592","127.03727759999992"
"60","서울","압구정미소","37.52405601","127.027915"
"61","서울","선릉역","37.50393894","127.0485135"
"62","서울","코엑스사거리","37.515351","127.060109"
"63","서울","역삼럭키","37.492209","127.039389"
"64","서울","신압구정","37.528115","127.036441"
"65","서울","아크로힐스논현","37.50898041","127.0403869"
"66","서울","강남비젼타워","37.4964557","127.02968850000002"
"67","서울","압구정로데오역","37.526549","127.040437"
"68","서울","르네상스사거리","37.502721","127.044308"
"69","서울","포스코","37.50576","127.057966"
"70","서울","선릉로","37.505053","127.046577"
"71","서울","논현힐탑","37.5115577","127.03226199999994"
"72","서울","도산가로수길","37.51736229999999","127.02329570000006"
"73","서울","대치한티","37.4984818","127.052066"
"74","서울","개포동","37.4828551359882","127.0607152444621"
"75","서울","수서역사거리","37.4873267937748","127.103140081887"
"76","서울","코엑스아셈타워","37.513019","127.059838"
"77","서울","센터필드R","37.50369465391196","127.04172081609172"
"78","서울","도산사거리","37.51966","127.0341"
"79","서울","강남세곡","37.467274319644","127.099929726"
"80","서울","대치삼성프라자","37.500313","127.066961"
"81","서울","언주역","37.507775","127.036472"
"82","서울","강남역신분당역사","37.4970572543978","127.028180714381"
"83","서울","삼성역","37.509206962541256","127.06560851480327"
"84","서울","테헤란로아남타워","37.50383","127.04487"
"85","서울","강남논현","37.5078978596254","127.023338614644"
"86","서울","삼성동","37.510843366121534","127.06363342044263"
"87","서울","역삼이마트","37.499367","127.048425"
"88","서울","미아뉴타운","37.618319","127.021072"
"89","서울","강북구청사거리","37.6400354","127.0273766"
"90","서울","미아사거리역","37.611809","127.0306971"
"91","서울","수유역","37.6380167","127.02613500000007"
"92","서울","미아역","37.626148","127.026578"
"93","서울","파라스파라서울","37.664380074618","127.008566467101"
"94","서울","발산역사거리","37.558509","126.835096"
"95","서울","마곡역","37.559611","126.826298"
"96","서울","우장산역","37.549501","126.835984"
"97","서울","마곡사이언스타워R","37.5605261","126.833887"
"98","서울","방화DT","37.574339","126.816415"
"99","서울","마곡나루역","37.56813","126.82614"
"100","서울","마곡GMG","37.560487","126.829667"
"101","서울","가양역","37.561640","126.853327"
"102","서울","화곡DT","37.535149","126.863232"
"103","서울","양천향교역","37.566964","126.840731"
"104","서울","화곡동","37.5405115","126.8372413"
"105","서울","등촌","37.5582043","126.84433919999992"
"106","서울","염창역","37.547359","126.874436"
"107","서울","발산역","37.56033","126.839279"
"108","서울","까치산역","37.532303","126.846077"
"109","서울","화곡역8번출구","37.542514","126.839062"
"110","서울","강서우장산","37.546305","126.835923"
"111","서울","등촌대로","37.55101","126.86638"
"112","서울","가양역사거리","37.56007","126.855372"
"113","서울","내발산","37.55467","126.83672"
"114","서울","마곡웰튼","37.56754","126.82553"
"115","서울","김포공항DT","37.566396","126.80608"
"116","서울","강서NC","37.560088","126.840534"
"117","서울","마곡나루공원","37.567007","126.822246"
"118","서울","강서구청사거리","37.5549266","126.8523133"
"119","서울","낙성대역","37.477946","126.961193"
"120","서울","관악서울대입구R","37.479343","126.95278"
"121","서울","신림DT","37.480935","126.908407"
"122","서울","서울대역","37.481599","126.9522"
"123","서울","낙성대DT","37.476169","126.965005"
"124","서울","사당","37.47601","126.980997"
"125","서울","보라매대교","37.491449","126.925432"
"126","서울","신림","37.48609493","126.9291602"
"127","서울","신림타임스트림","37.48385383","126.9301799"
"128","서울","서울대입구역","37.48118","126.951324"
"129","서울","서울대입구역8번출구","37.4812061","126.9536942"
"130","서울","봉천역","37.4820375340064","126.942287792538"
"131","서울","건국대","37.5415592","127.0711244"
"132","서울","어린이대공원역","37.551946","127.076404"
"133","서울","아차산역","37.5505388","127.0898757"
"134","서울","올림픽대교북단","37.541129","127.09524"
"135","서울","구의DT","37.5451984","127.0871587"
"136","서울","자양사거리","37.5371158","127.0825821"
"137","서울","군자역","37.556965","127.079032"
"138","서울","광나루","37.547442","127.105934"
"139","서울","건대스타시티","37.538544","127.073009"
"140","서울","건대입구","37.5406604","127.07072249999999"
"141","서울","구의역","37.53698","127.084015"
"142","서울","광장","37.542518","127.099651"
"143","서울","건국클래식","37.538466","127.071271"
"144","서울","건대후문","37.5460180138476","127.074001181744"
"145","서울","중곡역","37.5650109508732","127.08459679908"
"146","서울","자양이마트","37.537817","127.072597"
"147","서울","뚝섬유원지역","37.532684640479","127.067878503557"
"148","서울","군자사거리","37.5575666","127.079334"
"149","서울","금천구청역","37.455983","126.895727"
"150","서울","가산에스케이","37.48061318","126.8805702"
"151","서울","독산사거리","37.471528328745485","126.89856062315228"
"152","서울","금천시흥","37.448624","126.903183"
"153","서울","가산디지털단지역","37.481324","126.883779"
"154","서울","금천독산","37.46914","126.895246"
"155","서울","가산디지털","37.4798346","126.88249969999992"
"156","서울","마리오아울렛","37.478701","126.885076"
"157","서울","가산브이타워","37.477221","126.883683"
"158","서울","가산그레이트","37.4794491","126.88747680000006"
"159","서울","독산역","37.4676446","126.8876698"
"160","서울","가산현대아울렛","37.477581","126.888603"
"161","서울","월계역","37.6295","127.0574"
"162","서울","월계트레이더스","37.6277053","127.06149779999998"
"163","서울","상계초교사거리","37.656776","127.066442"
"164","서울","공릉DT","37.6206884","127.0743116"
"165","서울","노원마들역","37.660941","127.058008"
"166","서울","공릉역","37.626337","127.072252"
"167","서울","은행사거리","37.65048737","127.0759861"
"168","서울","노원KT","37.654562","127.063617"
"169","서울","광운대","37.6231479","127.06070090000003"
"170","서울","중계역","37.64817","127.062244"
"171","서울","노원역","37.654751","127.060034"
"172","서울","월계이마트","37.627155","127.062094"
"173","서울","태릉입구역DT","37.61942","127.07932"
"174","서울","노원상계","37.651535","127.061026"
"175","서울","창동이마트","37.651645","127.046869"
"176","서울","쌍문역","37.648456","127.034783"
"177","서울","쌍문도봉로","37.6453516","127.0331011"
"178","서울","도봉로DT","37.6611805929041","127.041630065957"
"179","서울","방학역","37.6653125","127.0433125"
"180","서울","창동역","37.6545021055909","127.049672533607"
"181","서울","노량진동","37.513068","126.946537"
"182","서울","남성역","37.4841198","126.9725739"
"183","서울","상도역","37.5031936","126.9484581"
"184","서울","보라매공원R","37.49226212712864","126.92334570798292"
"185","서울","이수자이","37.484414","126.980047"
"186","서울","노량진역","37.513390","126.940879"
"187","서울","신대방삼거리역","37.499914","126.931766"
"188","서울","중앙대","37.506933","126.958125"
"189","서울","숭실대입구역","37.4968346","126.95271230000003"
"190","서울","숭실대","37.49538073","126.9548891"
"191","서울","사당역","37.47849216","126.9813456"
"192","서울","서강대프라자","37.551073","126.943096"
"193","서울","상암YTN","37.579183","126.892315"
"194","서울","마포용강동","37.541186","126.942209"
"195","서울","홍대입구역사거리R","37.554636","126.92036"
"196","서울","마포경찰서후문","37.550800","126.953432"
"197","서울","공덕","37.545913","126.952956"
"198","서울","합정폴리스R","37.5509","126.9134"
"199","서울","홍대공항철도역","37.557491","126.925146"
"200","서울","마포염리","37.543876","126.947680"
"201","서울","서강광흥창역","37.549377","126.931661"
"202","서울","합정","37.549630","126.912999"
"203","서울","서강대흥역","37.548178","126.941576"
"204","서울","서교동사거리","37.553376","126.918564"
"205","서울","상암사보이시티","37.58147","126.888983"
"206","서울","신촌오거리","37.555137","126.934694"
"207","서울","상암디지털큐브","37.5763132","126.8892477"
"208","서울","상수역","37.5474817","126.92321579999998"
"209","서울","공덕오거리","37.5424641","126.95057730000008"
"210","서울","서강대","37.5524584","126.9378262"
"211","서울","상암MBC","37.581297","126.890908"
"212","서울","동교","37.556928","126.919819"
"213","서울","애오개역","37.55218737","126.9555203"
"214","서울","상암DMC","37.577623","126.890684"
"215","서울","마포일진빌딩","37.54043451","126.9463168"
"216","서울","마포아크로","37.54145556","126.948819"
"217","서울","홍대삼거리","37.550266","126.923179"
"218","서울","망원역","37.555829","126.910637"
"219","서울","마포이마트","37.542421","126.953341"
"220","서울","합정메세나몰","37.551004","126.913848"
"221","서울","아현역대로","37.557097","126.954834"
"222","서울","디지털미디어시티역","37.57609","126.89897"
"223","서울","홍대역8번출구","37.556743503599","126.924166543608"
"224","서울","합정푸르지오","37.55109819950203","126.9123070691659"
"225","서울","홍대동교","37.5583280533329","126.926246501876"
"226","서울","망원한강공원","37.5545625","126.8956875"
"227","서울","홍대역","37.557175","126.923654"
"228","서울","가재울뉴타운","37.5749841","126.9164441"
"229","서울","남가좌사거리","37.577386","126.920815"
"230","서울","신촌역","37.556167","126.934673"
"231","서울","연희동","37.566702","126.930475"
"232","서울","아현역","37.558421","126.956349"
"233","서울","홍제역","37.588658","126.943864"
"234","서울","연세백양로","37.562644","126.937529"
"235","서울","연희DT","37.5702143","126.9339777"
"236","서울","경기대","37.56367995","126.9646045"
"237","서울","신촌","37.55648577","126.9371155"
"238","서울","이대R","37.55848315","126.9459643"
"239","서울","연세종합관","37.56177145","126.9414708"
"240","서울","이대ECC","37.561631","126.94735"
"241","서울","연대","37.558706","126.936727"
"242","서울","신촌아트레온","37.556505","126.940238"
"243","서울","충정로역","37.56137","126.963219"
"244","서울","연대동문","37.566385","126.946273"
"245","서울","신촌명물거리","37.557796","126.938095"
"246","서울","충정타워","37.559869","126.964110"
"247","서울","이대역","37.5570861","126.9462802"
"248","서울","북가좌DT","37.580758","126.911478"
"249","서울","현대신촌","37.5560830579515","126.935844876509"
"250","서울","방배로","37.4793434","126.9994968"
"251","서울","강남교보타워R","37.503789","127.024075"
"252","서울","방배다이치빌딩","37.484329","126.995872"
"253","서울","센트럴F1","37.505148","127.004395"
"254","서울","서초역이화빌딩","37.487931","127.009126"
"255","서울","서초구청","37.484206","127.030103"
"256","서울","서초우성사거리","37.493545","127.02943"
"257","서울","이수역사거리","37.48585","126.983027"
"258","서울","강남대로신사","37.51489","127.019469"
"259","서울","서울고속터미널","37.504406","127.005648"
"260","서울","강남대로논현R","37.507413","127.022568"
"261","서울","방배","37.491914","126.99049739999998"
"262","서울","방배카페거리","37.4934767","126.9865297"
"263","서울","서초법원","37.492970","127.011875"
"264","서울","청계산입구역","37.447323","127.056250"
"265","서울","사당로데오","37.4772752","126.98216049999996"
"266","서울","파미에파크R","37.5030521","127.004362"
"267","서울","양재역","37.4820475","127.0367682"
"268","서울","논현역","37.5111983","127.0205875"
"269","서울","이수역","37.4864664","126.98274029999993"
"270","서울","내방역","37.490004","126.992455"
"271","서울","서초파라곤","37.494941","127.027422"
"272","서울","서울아트센터","37.480866","127.012368"
"273","서울","서초중앙로","37.501691","127.01152"
"274","서울","센트럴시티","37.504707","127.004459"
"275","서울","강남삼성타운","37.49562035","127.0277144"
"276","서울","방배역","37.48200755","126.9976438"
"277","서울","반포역","37.508589","127.011959"
"278","서울","남부터미널","37.48467334","127.0169464"
"279","서울","뉴코아강남","37.51031339","127.0069582"
"280","서울","강남2","37.5000875","127.02549090000002"
"281","서울","교대","37.4923611","127.0142207"
"282","서울","하이브랜드","37.46330766","127.0368447"
"283","서울","신논현역","37.50529","127.023636"
"284","서울","영동2교","37.48203954","127.0425748"
"285","서울","남부터미널2","37.48436736","127.0142192"
"286","서울","서래마을입구","37.49925284","126.9984801"
"287","서울","몬테소리","37.4982695","127.026865"
"288","서울","서초역","37.49067495","127.0086118"
"289","서울","교대법원","37.496329","127.013336"
"290","서울","강남GT타워","37.498056","127.02583300000003"
"291","서울","서초동","37.485941","127.021525"
"292","서울","서울교대","37.487397","127.015134"
"293","서울","강남에비뉴","37.5027","127.023894"
"294","서울","반포자이","37.507170475349405","127.0099189083483"
"295","서울","강남역우송빌딩","37.4981314601413","127.02527908458"
"296","서울","서이초교사거리","37.4918146","127.0252252"
"297","서울","서울웨이브아트센터","37.518807","127.00704"
"298","서울","교대역","37.494207","127.01394"
"299","서울","길음역","37.602139","127.025271"
"300","서울","미아이마트","37.610678","127.029921"
"301","서울","종암DT","37.5919525","127.0360401"
"302","서울","미아","37.607581","127.029303"
"303","서울","성신여대정문","37.590910","127.018800"
"304","서울","종암","37.601095","127.033847"
"305","서울","삼선교","37.588696","127.00732070000003"
"306","서울","월곡역","37.601718","127.040446"
"307","서울","고대","37.58397192","127.0297352"
"308","서울","현대미아","37.60837822","127.0287483"
"309","서울","성신여대","37.593135","127.018379"
"310","서울","안암역","37.586319","127.030556"
"311","서울","한성대입구역","37.589054","127.004839"
"312","서울","고대안암병원","37.58687889805418","127.02820333331364"
"313","서울","장위뉴타운","37.6179568965998","127.051535709778"
"314","서울","송파나루역DT","37.510793","127.1102658"
"315","서울","송파헬리오시티","37.4978563","127.1031325"
"316","서울","잠실시그마타워","37.514567","127.102493"
"317","서울","문정법원로R","37.487447","127.119164"
"318","서울","송파개롱역","37.496956","127.13652"
"319","서울","문정하비오","37.481925","127.123446"
"320","서울","문정역","37.484813","127.122237"
"321","서울","잠실대교남단R","37.515511","127.099006"
"322","서울","송파위례","37.478264","127.144067"
"323","서울","송파방이DT","37.506564","127.120495"
"324","서울","올림픽평화의문","37.5156426","127.11648190000005"
"325","서울","송파아이파크","37.479892","127.122379"
"326","서울","송파사거리","37.5022788","127.1103904"
"327","서울","석촌서호","37.5063929","127.0964684"
"328","서울","문정로데오","37.491905","127.1262696"
"329","서울","올림픽훼미리","37.491626","127.116308"
"330","서울","올림픽공원남문","37.5133","127.123113"
"331","서울","방이역","37.508666","127.126569"
"332","서울","석촌호수","37.509581","127.104993"
"333","서울","잠실푸르지오월드","37.517649","127.103426"
"334","서울","잠실새내역","37.511679","127.081062"
"335","서울","잠실역","37.515272","127.099231"
"336","서울","갤러리아팰리스","37.51108365","127.0938059"
"337","서울","아시아선수촌","37.51059","127.079047"
"338","서울","올림픽아파트","37.515315","127.133237"
"339","서울","가락본동","37.494895","127.118785"
"340","서울","석촌역","37.5042626","127.10610769999994"
"341","서울","가락시장역","37.494299","127.121354"
"342","서울","가든파이브","37.4782316","127.11937030000001"
"343","서울","잠실본동","37.5086445885442","127.07949103207"
"344","서울","송파NC","37.4778761","127.12567478"
"345","서울","송파거여역","37.4936489571568","127.143698688888"
"346","서울","몽촌토성역","37.516913","127.113127"
"347","서울","송파KT","37.5139991","127.1063026"
"348","서울","문정법조타운 한양타워","37.4859909162854","127.117921831574"
"349","서울","송파마천사거리DT","37.499829","127.147672"
"350","서울","목동파리공원","37.535336","126.878852"
"351","서울","등촌역","37.548884","126.86807"
"352","서울","목동행복한","37.529147","126.876099"
"353","서울","신정DT","37.521993","126.858865"
"354","서울","목동역","37.526684","126.863986"
"355","서울","목동오목로","37.525923","126.868438"
"356","서울","목동8단지","37.520518","126.868841"
"357","서울","오목교역","37.5235882","126.87652120000007"
"358","서울","신월IC DT","37.5294984","126.831983"
"359","서울","목동7단지","37.528012","126.87053"
"360","서울","목동5단지","37.536706","126.88212"
"361","서울","목동","37.53638383","126.8785597"
"362","서울","현대목동","37.526848","126.875023"
"363","서울","목동파라곤","37.52947","126.874996"
"364","서울","목동SBS","37.52896162444895","126.87363009594163"
"365","서울","목동트라팰리스","37.5255","126.8702"
"366","서울","목동10단지","37.515425616177","126.859603067999"
"367","서울","신월동DT","37.5382923530559","126.827101409243"
"368","서울","타임스퀘어R","37.51755","126.90516"
"369","서울","샛강역","37.5183551","126.9312716"
"370","서울","영등포역","37.5169614","126.9091390"
"371","서울","당산대로","37.533121","126.903804"
"372","서울","여의도IFC몰(L1)R","37.525127","126.925508"
"373","서울","여의도KBS R","37.526596","126.918456"
"374","서울","여의도화재보험","37.521345","126.926004"
"375","서울","국회대로","37.530260","126.919549"
"376","서울","영등포KT","37.526419","126.905314"
"377","서울","여의도공원R","37.529231","126.924872"
"378","서울","국회의사당역","37.527831","126.916882"
"379","서울","선유도역","37.537268","126.894594"
"380","서울","여의도역R","37.523328","126.923439"
"381","서울","선유동이레빌딩","37.534109","126.896912"
"382","서울","동여의도","37.5199494","126.9317957"
"383","서울","여의도ABL타워","37.518749","126.92779"
"384","서울","영등포신길","37.504566","126.910073"
"385","서울","문래역","37.517446","126.895258"
"386","서울","당산","37.535164","126.899942"
"387","서울","여의도한양증권","37.522418","126.929093"
"388","서울","여의도일신","37.528","126.920103"
"389","서울","신세계타임스퀘어B2","37.517162","126.905608"
"390","서울","하이테크시티","37.51467062","126.8986474"
"391","서울","여의도","37.52403519","126.9245179"
"392","서울","롯데캐슬여의도","37.52025214","126.9263678"
"393","서울","문래동","37.519602","126.889652"
"394","서울","신세계타임스퀘어1F","37.517162","126.905608"
"395","서울","여의도호성","37.520176","126.929426"
"396","서울","타임스퀘어B2","37.516985","126.903387"
"397","서울","영등포본동","37.518713","126.909559"
"398","서울","타임스퀘어2F","37.516985","126.903387"
"399","서울","여의도의사당","37.530023","126.92109"
"400","서울","여의도IFC(1F)","37.525273","126.924668"
"401","서울","여의도신한투자증권타워","37.52498","126.92414"
"402","서울","선유도역 1번출구","37.538333","126.893612"
"403","서울","영등포시장역","37.523475","126.904907"
"404","서울","영등포구청역","37.52789","126.89608"
"405","서울","서울양평역","37.523128","126.885809"
"406","서울","영등포시장교차로","37.5204239","126.904446"
"407","서울","더현대서울(B2)R","37.5264","126.92877"
"408","서울","당산역사거리","37.533984","126.901156"
"409","서울","신풍역","37.5003469620528","126.908438384002"
"410","서울","불광역","37.6093820","126.9303971"
"411","서울","구파발사거리","37.639617","126.91881"
"412","서울","연신내역사거리","37.61862","126.922062"
"413","서울","연신내","37.620417","126.919913"
"414","서울","구파발역","37.63446","126.918881"
"415","서울","은평구청입구","37.601042","126.926789"
"416","서울","은평이마트","37.60037923","126.9202735"
"417","서울","구산역","37.611745","126.917678"
"418","서울","수색","37.5804","126.899068"
"419","서울","새절역","37.5894266730207","126.912863456524"
"420","서울","더북한산","37.6554576593266","126.947556374345"
"421","서울","녹번역","37.603307621312325","126.93528567756574"
"422","서울","진관DT","37.6501787","126.9361968"
"423","서울","연합뉴스","37.5743289","126.9804590000005"
"424","서울","혜화역","37.5824779","127.0021850"
"425","서울","경희궁로","37.571759","126.972343"
"426","서울","강북삼성병원","37.568546","126.967560"
"427","서울","종로평창동","37.606149","126.967213"
"428","서울","광화문우체국","37.569854","126.978083"
"429","서울","종로R","37.570804","126.983494"
"430","서울","독립문역","37.571432","126.961269"
"431","서울","정부서울청사R","37.574411","126.973571"
"432","서울","동묘앞역","37.572700","127.016072"
"433","서울","종로구청","37.572662","126.981138"
"434","서울","북촌로","37.579462","126.986431"
"435","서울","종로수송","37.5714931","126.9807831"
"436","서울","새문안로","37.5696597","126.9748903"
"437","서울","안국","37.577338","126.985635"
"438","서울","삼청동","37.585381","126.9817512"
"439","서울","광화문D타워","37.5714","126.9788297"
"440","서울","적선","37.57520431","126.9739361"
"441","서울","인사","37.5721293","126.98703490000002"
"442","서울","광화문","37.5712293","126.9762872"
"443","서울","성대입구","37.582892","126.998392"
"444","서울","스페이스본","37.57532212","126.9692494"
"445","서울","주얼리시티","37.57154914","126.998705"
"446","서울","종각","37.5699183","126.98452810000003"
"447","서울","동숭로아트","37.582969","127.003876"
"448","서울","종로관철","37.569058","126.986013"
"449","서울","경복궁역","37.5771508","126.97274530000004"
"450","서울","이마빌딩","37.5738637","126.97897149999994"
"451","서울","마로니에공원","37.58154296","127.0023412"
"452","서울","종로3가","37.5705527","126.9902055"
"453","서울","대학로","37.576509","127.001449"
"454","서울","경복궁사거리","37.575578","126.980581"
"455","서울","종로관수","37.569385","126.988665"
"456","서울","광화문교보문고","37.571017","126.977937"
"457","서울","정동","37.568578","126.970067"
"458","서울","종로플레이스","37.57319","126.998309"
"459","서울","강북삼성병원1층","37.568546","126.96756"
"460","서울","동숭길입구","37.584236","127.002014"
"461","서울","서울대치과병원","37.57790","126.99965"
"462","서울","서대문역","37.56670","126.96629"
"463","서울","숭례문북창","37.561725","126.976838"
"464","서울","을지로4가역","37.566682","126.997285"
"465","서울","동대문두타","37.56892512604548","127.00878383484597"
"466","서울","대한상공회의소R","37.560938","126.973702"
"467","서울","국립중앙의료원","37.5665160","127.0062376"
"468","서울","동국대","37.561542","126.998437"
"469","서울","신세계본점5F","37.560951","126.981134"
"470","서울","을지로내외빌딩R","37.566479","126.983663"
"471","서울","대우재단빌딩","37.556781","126.975081"
"472","서울","동대문공원","37.565133","127.007191"
"473","서울","을지로국제빌딩","37.566952","126.982219"
"474","서울","동대입구역","37.559593","127.006142"
"475","서울","신당역사거리","37.565807","127.016430"
"476","서울","연세세브란스","37.557207","126.97354"
"477","서울","회현역","37.5589809","126.98074670000005"
"478","서울","을지로경기빌딩","37.567172","126.983156"
"479","서울","을지로2가","37.566347","126.988066"
"480","서울","신세계본점6F","37.560381","126.980758"
"481","서울","서울중앙우체국","37.561678","126.982117"
"482","서울","한국프레스센터","37.567381","126.977859"
"483","서울","명동중앙로","37.5637485","126.9857723"
"484","서울","약수역","37.555437","127.0107253"
"485","서울","중구저동","37.5643686","126.9903382"
"486","서울","명동길","37.5620695","126.9858669"
"487","서울","서소문로","37.563006","126.974546"
"488","서울","신당역","37.565522","127.014554"
"489","서울","명동메트로","37.565118","126.983681"
"490","서울","숭례문","37.55874473","126.9730952"
"491","서울","순화동더샵","37.560072","126.971931"
"492","서울","대한극장","37.56105065","126.9952735"
"493","서울","환구단","37.564448","126.979157"
"494","서울","무교동","37.56781712","126.978738"
"495","서울","문화일보","37.56712291","126.9686642"
"496","서울","태평로","37.56248285","126.9767928"
"497","서울","퍼시픽타워","37.56132157","126.9730264"
"498","서울","남산단암","37.55853622","126.9754585"
"499","서울","황학캐슬","37.57124","127.022905"
"500","서울","을지로삼화타워","37.566902","126.984707"
"501","서울","소공로","37.5637273","126.98076809999998"
"502","서울","을지로한국빌딩","37.565722","126.98329"
"503","서울","시청","37.566290","126.979808"
"504","서울","명동역","37.56102","126.98312"
"505","서울","명동입구","37.563319","126.982242"
"506","서울","충무로","37.5614959808102","126.992823097196"
"507","서울","이마트타워","37.5607434636967","126.972528391958"
"508","서울","무교로","37.567399","126.978900"
"509","서울","청계크리스탈스퀘어","37.5679","126.98933"
"510","서울","숭례문SG타워","37.5581293","126.9742637"
"511","서울","세종대로","37.568678","126.976493"
"512","서울","동대문디자인플라자","37.56743","127.009758"
"513","서울","레스케이프호텔R","37.5598346","126.9794946"
"514","서울","별다방","37.5602013","126.9829327"
"515","서울","포포인츠명동","37.5657211","126.9893426"
"516","서울","명동남산","37.560809","126.986397"
"517","서울","명일역","37.552580","127.143799"
"518","서울","강동구청DT","37.529437","127.123835"
"519","서울","강동암사DT","37.555054","127.130065"
"520","서울","굽은다리역","37.545403","127.143101"
"521","서울","강동역","37.536047","127.133086"
"522","서울","둔촌동","37.522724","127.133943"
"523","서울","천호로데오","37.5378069","127.12730940000006"
"524","서울","천호이마트","37.538933","127.125214"
"525","서울","길동역","37.5387433","127.1399879"
"526","서울","상일동","37.5507989598659","127.174104292142"
"527","서울","천호역","37.53795191","127.1245793"
"528","서울","명일이마트","37.553991","127.155984"
"529","서울","상일동역","37.55754181615496","127.17072672474717"
"530","서울","천호사거리","37.539702","127.123542"
"531","서울","강일역","37.55747468801038","127.17351070838722"
"532","서울","올림픽공원북2문","37.5241832","127.1286775"
"533","서울","천호대로길동","37.534651","127.137210"
"534","서울","신도림","37.505517","126.883953"
"535","서울","구로디지털타워","37.483432","126.896480"
"536","서울","오류동역","37.4962155","126.8448614"
"537","서울","구로디지털로","37.485911","126.895587"
"538","서울","구로에이스","37.48448329","126.8944957"
"539","서울","구로하이엔드","37.481618","126.893136"
"540","서울","현대디큐브2F","37.508636","126.889225"
"541","서울","구로호텔","37.4831293","126.89885909999998"
"542","서울","현대디큐브B2","37.508828","126.889488"
"543","서울","구로고척","37.49706","126.86315"
"544","서울","구로NC","37.501219","126.882798"
"545","서울","구로오류DT","37.4881292318832","126.834491889841"
"546","서울","구로구청","37.49395067031256","126.88676120707717"
"547","서울","고척아이파크","37.49930562934076","126.8582208923581"
"548","서울","답십리역","37.568466","127.051106"
"549","서울","경희대삼거리","37.591531","127.052017"
"550","서울","외대정문","37.5953464","127.0590302"
"551","서울","신설동역","37.5767228","127.0255446"
"552","서울","회기역사거리","37.590784","127.056098"
"553","서울","외대","37.59575188","127.0614002"
"554","서울","장한평역","37.562337","127.065511"
"555","서울","경희대","37.5928812","127.05280849999997"
"556","서울","경동1960","37.5796141021494","127.038684963773"
"557","서울","청량리역사","37.57945","127.04785"
"558","서울","서울숲역","37.542075","127.044961"
"559","서울","금호역","37.5479939","127.0153343"
"560","서울","뚝섬역","37.546432","127.049042"
"561","서울","황학사거리","37.567644","127.023697"
"562","서울","성수역","37.543193","127.056943"
"563","서울","상왕십리역","37.565169","127.027907"
"564","서울","왕십리역","37.5627541","127.0339072"
"565","서울","한양대","37.55726984","127.0421649"
"566","서울","엔터식스","37.56175811","127.0383328"
"567","서울","신금호역","37.5549672","127.0201447"
"568","서울","왕십리역9번출구","37.5605427226347","127.035267332652"
"569","서울","성수","37.5444620830457","127.055413311106"
"570","서울","옥수","37.5430298","127.0133661"
"571","서울","성수낙낙","37.547326","127.066367"
"572","서울","효창공원앞역","37.539305","126.963060"
"573","서울","서울역서부","37.555165","126.968446"
"574","서울","이태원역","37.534273","126.994789"
"575","서울","한강진역R","37.537131","127.00098"
"576","서울","용산역써밋R","37.527586","126.965401"
"577","서울","이촌","37.518605","126.977271"
"578","서울","신용산역","37.528702","126.966757"
"579","서울","용산파크타워","37.523818","126.970389"
"580","서울","남영동","37.542831","126.972242"
"581","서울","한남동R","37.53485","127.010919"
"582","서울","서울타워","37.551102","126.988317"
"583","서울","서울역동자동","37.551752","126.972694"
"584","서울","순천향입구","37.533394","127.00563"
"585","서울","숙대","37.54460479","126.9672252"
"586","서울","동빙고","37.5289857","126.991782"
"587","서울","숙대입구역","37.544118","126.971891"
"588","서울","용산아이파크몰","37.5288539","126.96404469999993"
"589","서울","동부이촌동","37.52111","126.96905"
"590","서울","숙명여대정문","37.54474797","126.96484196"
"591","서울","용산해링턴스퀘어","37.5258562","126.9676442"
"592","서울","경리단길","37.53854","126.98737"
"593","서울","서울역사","37.55415699928705","126.97179361292846"
"594","서울","용산리첸시아","37.538571","126.967409"
"595","서울","포포인츠서울역","37.55126","126.97273"
"596","서울","용산전자랜드","37.53286105987034","126.96100091132484"
"597","서울","상봉","37.597842","127.092509"
"598","서울","중랑역","37.5930326","127.07473579999998"
"599","서울","중랑구청","37.60538908","127.0957558"
"600","서울","사가정역","37.579594","127.087966"
"601","서울","상봉역","37.59689","127.08647"
"602","서울","묵동","37.615368","127.076633"
"603","서울","양원역","37.6066536267232","127.106359790053"
"604","서울","중화역","37.60170912407773","127.07841136432036"
"605","경기","리버사이드대성리DT","37.698205","127.384954"
"606","경기","가평설악IC DT","37.678841","127.485993"
"607","경기","남이섬","37.806624","127.52527"
"608","경기","소노캄고양","37.662855441267716","126.75051316953129"
"609","경기","일산애니골DT","37.6748","126.793181"
"610","경기","동국대일산병원","37.676411","126.806405"
"611","경기","일산풍동DT","37.662091","126.800900"
"612","경기","백석중앙로","37.6411","126.790987"
"613","경기","일산식사","37.6779381","126.812161"
"614","경기","풍산이마트","37.673769","126.786883"
"615","경기","백석역DT","37.6439377","126.7873856"
"616","경기","백석","37.643888","126.786153"
"617","경기","라페스타광장","37.659671","126.770161"
"618","경기","일산백마","37.6570742","126.7880695"
"619","경기","웨스턴돔B","37.654744","126.77261900000007"
"620","경기","마두역","37.652965","126.776768"
"621","경기","일산동구청","37.65665","126.772598"
"622","경기","고양대로DT","37.677601","126.7961618"
"623","경기","일산하늘마을","37.6775295741821","126.78206550066666"
"624","경기","과천DT","37.439309","126.99377"
"625","경기","과천이마트","37.42629945","126.991852"
"626","경기","과천","37.428183","126.991074"
"627","경기","광명하안대로","37.4616837","126.8783697"
"628","경기","철산역","37.476177","126.8676737"
"629","경기","광명역","37.416562","126.880830"
"630","경기","광명소하DT","37.435072","126.879143"
"631","경기","광명소하","37.448660","126.883959"
"632","경기","광명사거리역","37.479895","126.854325"
"633","경기","철산로데오","37.4739663","126.86935070000004"
"634","경기","광명하안","37.462605","126.880577"
"635","경기","광명철산","37.475304","126.866126"
"636","경기","광명AK","37.4186752766706","126.882647641062"
"637","경기","광명롯데몰","37.42373","126.88451"
"638","경기","경기광주쌍령DT","37.3987506","127.2733178"
"639","경기","경기광주신현DT","37.36005","127.153125"
"640","경기","경기광주송정DT","37.4162894","127.2722943"
"641","경기","경기광주","37.4097851","127.26021279999997"
"642","경기","경기광주초월역DT","37.3746522164064","127.298181781125"
"643","경기","곤지암IC DT","37.355886","127.3251588"
"644","경기","구리갈매역","37.633967","127.115944"
"645","경기","구리돌다리","37.600585","127.141922"
"646","경기","구리장자호수","37.587252","127.139874"
"647","경기","구리인창DT","37.60568","127.13928"
"648","경기","구리수택","37.588465","127.138136"
"649","경기","구리토평DT","37.584632","127.147385"
"650","경기","산본사거리","37.372658","126.935735"
"651","경기","산본","37.36061352","126.9317436"
"652","경기","산본역","37.358087","126.931956"
"653","경기","산본동","37.365491","126.929426"
"654","경기","금정AK","37.372279107122","126.94486272941"
"655","경기","산본역서부사거리","37.3578052964351","126.93066890189"
"656","경기","다산지금","37.6005424","127.174302"
"657","경기","남양주연평DT","37.7113167","127.1853201"
"658","경기","다산진건","37.624813","127.152582"
"659","경기","도농역","37.611129","127.164199"
"660","경기","남양주진접DT","37.723076","127.190357"
"661","경기","리버사이드팔당DT","37.567114","127.228362"
"662","경기","별내불암로","37.650317","127.112364"
"663","경기","평내DT","37.6477605","127.23469380000006"
"664","경기","별내","37.6479682","127.1233987"
"665","경기","평내호평역","37.6540359","127.24287989999993"
"666","경기","더북한강R","37.6122797","127.3415601"
"667","경기","남양주화도DT","37.6389955","127.3033633"
"668","경기","다산DT","37.61424","127.15537"
"669","경기","남양주묵현DT","37.6631","127.30263"
"670","경기","다산이마트","37.60868","127.15842"
"671","경기","별내별가람역","37.668071","127.116894"
"672","경기","남양주삼패","37.59205","127.19946"
"673","경기","판교유스페이스","37.401270","127.107533"
"674","경기","판교알파돔타워","37.3941783","127.1106448"
"675","경기","판교아비뉴프랑R","37.397965","127.113162"
"676","경기","야탑터미널","37.413494","127.128425"
"677","경기","분당이매","37.395040","127.122363"
"678","경기","분당율동공원","37.38385","127.149963"
"679","경기","정자동","37.363290","127.114074"
"680","경기","판교알파돔시티","37.394263","127.109227"
"681","경기","서판교","37.39142336810393","127.07766773828763"
"682","경기","판교브릿지타워","37.4028887","127.0992969"
"683","경기","판교역로","37.39731","127.111294"
"684","경기","서현","37.385855","127.125922"
"685","경기","수내로","37.380601","127.116578"
"686","경기","정자역","37.36682377","127.1067347"
"687","경기","분당구청","37.38405","127.120257"
"688","경기","뉴코아야탑","37.41041291","127.1273"
"689","경기","미금역","37.350318","127.106655"
"690","경기","수내","37.37948523","127.114173"
"691","경기","정자상떼뷰","37.3705048","127.10557389999997"
"692","경기","서현미래에셋","37.38800701","127.1232512"
"693","경기","야탑글라스","37.410845","127.129806"
"694","경기","정자","37.365045","127.106119"
"695","경기","분당서울대병원4","37.351934","127.123312"
"696","경기","분당서울대병원1","37.3504033","127.12446169999998"
"697","경기","서현N타운","37.386053","127.121714"
"698","경기","서현역","37.385921","127.124098"
"699","경기","오리역","37.338617","127.109225"
"700","경기","분당정자","37.371675","127.107214"
"701","경기","수내역","37.37782763","127.1138859"
"702","경기","정자아데나","37.3608179","127.10758269999996"
"703","경기","분당이마트","37.35885","127.119777"
"704","경기","판교H스퀘어","37.401375","127.108678"
"705","경기","오리역삼거리","37.340016","127.108332"
"706","경기","판교HIPEX","37.401209","127.110666"
"707","경기","네이버1784","37.358774","127.105387"
"708","경기","미금역2001아울렛","37.3490444","127.1074534"
"709","경기","분당서현역AK R","37.384502","127.123266"
"710","경기","판교역힐스테이트","37.392393","127.11084"
"711","경기","수내역1번출구","37.378515","127.11579"
"712","경기","HD현대R&D센터","37.37652","127.104384"
"713","경기","분당궁내DT","37.370636","127.102071"
"714","경기","야탑역사거리","37.4095","127.1301"
"715","경기","남한산성입구역","37.4497584","127.1591956"
"716","경기","단대오거리역","37.4433283","127.15457659999993"
"717","경기","성남모란DT","37.42916075591734","127.13344319390397"
"718","경기","수원금곡","37.27491","126.954432"
"719","경기","수원세류DT","37.262923","127.011208"
"720","경기","수원호매실","37.274375","126.941263"
"721","경기","수원권선DT","37.246345","126.964025"
"722","경기","수원권선","37.246668","127.030958"
"723","경기","수원이마트","37.249907","127.021517"
"724","경기","수원세류역DT","37.243791","127.017207"
"725","경기","수원롯데백화점2F","37.2641779524716","126.997293771381"
"726","경기","수원연무DT","37.29218","127.028729"
"727","경기","북수원IC DT","37.307776","126.99833"
"728","경기","수원천천","37.297286","126.982671"
"729","경기","수원성균관대","37.298935","126.971577"
"730","경기","수원정자사거리DT","37.2911959629684","127.004005026146"
"731","경기","수원종합운동장","37.30131994","127.00879841"
"732","경기","수원조원DT","37.2952372155505","127.015769907921"
"733","경기","수원경수인계DT","37.270568","127.027566"
"734","경기","수원KBS DT","37.271122","127.035213"
"735","경기","수원인계DT","37.267938","127.027948"
"736","경기","수원이비스","37.2592235","127.0313138"
"737","경기","수원매산","37.26748423","127.0028636"
"738","경기","동수원DT","37.2781099","127.03394960000003"
"739","경기","수원인계","37.265499","127.032902"
"740","경기","아주대","37.279696","127.04334"
"741","경기","수원화성행궁","37.283349","127.015668"
"742","경기","수원나혜석거리","37.264255680068","127.034163000188"
"743","경기","수원역AK R","37.2656768667795","127.000096053009"
"744","경기","시흥대야DT","37.441713","126.787757"
"745","경기","배곧아브뉴프랑","37.3682","126.7294"
"746","경기","시흥대야동","37.441740","126.791869"
"747","경기","배곧신도시","37.36926945415259","126.73036074295075"
"748","경기","시흥대야","37.443912","126.790755"
"749","경기","시흥P.아울렛 3F","37.379754","126.736396"
"750","경기","시흥P.아울렛 1F","37.379754","126.736396"
"751","경기","시화로데오","37.3446600926957","126.73732168870397"
"752","경기","시흥월곶","37.389462","126.73886"
"753","경기","시흥장현","37.3782498","126.7890783"
"754","경기","시흥능곡역","37.37064104024727","126.80749692444117"
"755","경기","시흥목감DT","37.377942490026804","126.85013978255686"
"756","경기","시흥은계","37.4375150988434","126.80163294672"
"757","경기","안산고잔센트럴타워","37.318914","126.834241"
"758","경기","안산상공회의소","37.318868","126.826297"
"759","경기","고잔이마트","37.303177","126.812842"
"760","경기","안산문화광장","37.310298","126.830517"
"761","경기","안산중앙","37.318899","126.837464"
"762","경기","안산중앙역","37.31723608","126.8374694"
"763","경기","안산트레이더스","37.331038","126.784837"
"764","경기","안성석정DT","37.010522","127.262009"
"765","경기","안성공도DT","37.009411","127.200801"
"766","경기","안성서동대로DT","37.0048167672848","127.182089433237"
"767","경기","안성계동DT","36.98583","127.26733"
"768","경기","스타필드안성R","36.994866","127.147379"
"769","경기","호계지식산업센터","37.372351","126.948665"
"770","경기","평촌역DT","37.396509","126.971235"
"771","경기","안양범계","37.391719","126.953751"
"772","경기","안양운동장사거리DT","37.40111","126.949208"
"773","경기","범계역","37.389849","126.949818"
"774","경기","안양호계DT","37.366561","126.956011"
"775","경기","평촌호계","37.383006","126.959848"
"776","경기","평촌로데오","37.3929425","126.9607148"
"777","경기","평촌역사거리","37.395786","126.9645"
"778","경기","안양비산DT","37.3925328","126.942869"
"779","경기","평촌아크로","37.39227643","126.9565229"
"780","경기","범계로데오","37.391494","126.955122"
"781","경기","인덕원역","37.400269","126.976145"
"782","경기","안양덕현DT","37.3713017997558","126.960219576803"
"783","경기","안양이마트","37.398521","126.935224"
"784","경기","안양역R","37.401964","126.922661"
"785","경기","명학역","37.383837","126.935145"
"786","경기","안양역","37.4002845","126.92216770000004"
"787","경기","안양석수DT","37.4312614","126.9033382"
"788","경기","안양일번가","37.39919046","126.9236856"
"789","경기","양주옥정타운","37.81858","127.094293"
"790","경기","양주송추DT","37.717529","126.973093"
"791","경기","양주덕정역DT","37.8382562","127.062968"
"792","경기","양주고읍DT","37.803684","127.079474"
"793","경기","양주광사DT","37.790532","127.072421"
"794","경기","양주고읍","37.794628","127.079196"
"795","경기","양주옥정공원","37.8212389157803","127.097494414027"
"796","경기","양주회정DT","37.8394993554251","127.05474819186"
"797","경기","북오산IC DT","37.189945","127.05955"
"798","경기","오산세교","37.176779","127.045583"
"799","경기","오산갈곶DT","37.129351","127.071583"
"800","경기","오산IC DT","37.1426829","127.0766272"
"801","경기","오산시청","37.1486248","127.0741288"
"802","경기","오산원동DT","37.1441810626901","127.073876453349"
"803","경기","서동탄DT","37.1972907115869","127.06503867729"
"804","경기","오산수청DT","37.16321","127.06699"
"805","경기","용인세브란스병원","37.270835","127.147337"
"806","경기","용인상하DT","37.259778","127.142453"
"807","경기","용인언남","37.2924613","127.1219565"
"808","경기","기흥역AK R","37.2746544","127.1165616"
"809","경기","용인고매동","37.22317532265088","127.1141622136813"
"810","경기","용인보라DT","37.255575","127.104577"
"811","경기","용인동백DT","37.274595","127.141221"
"812","경기","용인마북DT","37.2947324","127.11029259999998"
"813","경기","용인기흥구청","37.2808075","127.1108768"
"814","경기","수원IC DT","37.267257","127.074502"
"815","경기","용인보정","37.320017","127.11084"
"816","경기","구성트레이더스","37.305434","127.105468"
"817","경기","강남대","37.2710542","127.1259993"
"818","경기","용인하갈DT","37.2492977286623","127.087735450111"
"819","경기","용인흥덕DT","37.2749915056802","127.071496028375"
"820","경기","기흥테라타워","37.231425985432","127.071894127547"
"821","경기","용인보정DT","37.3217129","127.1044776"
"822","경기","한국민속촌DT","37.255933","127.116911"
"823","경기","동백이마트","37.2781451","127.1514253"
"824","경기","용인신갈DT","37.273062","127.110373"
"825","경기","용인김량장DT","37.239832","127.2104973"
"826","경기","용인에버랜드","37.294803","127.203274"
"827","경기","용인시청DT","37.24029","127.170935"
"828","경기","용인처인구청","37.234764","127.202928"
"829","경기","용인한숲시티","37.152464","127.173575"
"830","경기","용인마평DT","37.2336627","127.2168107"
"831","경기","용인역북","37.232254","127.188747"
"832","경기","용인모현DT","37.349187","127.249321"
"833","경기","용인IC DT","37.251696","127.211943"
"834","경기","의왕청계DT","37.388672","126.998446"
"835","경기","의왕포일","37.396242","126.983977"
"836","경기","의왕내손","37.389318","126.976944"
"837","경기","의왕롯데몰","37.37585","127.00885"
"838","경기","의왕삼동DT","37.316653","126.957363"
"839","경기","의정부예술의전당DT","37.7329","127.03881"
"840","경기","의정부신곡DT","37.726309","127.064835"
"841","경기","의정부용현DT","37.7305628","127.0843037"
"842","경기","의정부공원","37.740103","127.047531"
"843","경기","의정부민락","37.745353","127.093792"
"844","경기","의정부회룡역DT","37.722373","127.047477"
"845","경기","의정부녹양DT","37.758477","127.040289"
"846","경기","의정부금오","37.753183","127.070333"
"847","경기","신세계의정부2F","37.737861","127.046054"
"848","경기","신세계의정부6F","37.737861","127.046054"
"849","경기","의정부송산역DT","37.740164230224","127.085685890206"
"850","경기","의정부민락타운","37.744429","127.098713"
"851","경기","의정부장암DT","37.69925","127.05465"
"852","경기","의정부이마트","37.7432268","127.1025002"
"853","경기","이천증포DT","37.29660399999999","127.45729200000005"
"854","경기","이천사음DT","37.299106","127.407841"
"855","경기","이천하이닉스","37.25251","127.489933"
"856","경기","이천터미널","37.278191","127.446323"
"857","경기","포천DT","37.848396","127.161705"
"858","경기","광릉수목원","37.7770289771454","127.165231443452"
"859","경기","포천호국로DT","37.7960476319904","127.127279909141"
"860","경기","하남미사DT","37.559858","127.185729"
"861","경기","하남황산사거리","37.55078301","127.18603343"
"862","경기","스타필드위례1FR","37.480058","127.148381"
"863","경기","미사역효성","37.567452","127.190730"
"864","경기","하남덕풍","37.552085","127.209351"
"865","경기","하남미사","37.569587","127.183283"
"866","경기","스타필드하남1F(티바나)","37.5445","127.2237"
"867","경기","신세계하남2F","37.545734","127.223439"
"868","경기","스타필드하남2FR","37.5453","127.2242"
"869","경기","하남신장","37.5383807","127.2039864"
"870","경기","하남시청","37.540532","127.216148"
"871","경기","하남시청역","37.5414173926204","127.20802671231"
"872","경기","하남풍산역","37.553492","127.205233"
"873","경기","하남감일","37.5075","127.1547"
"874","경기","미사역그랑파사쥬","37.564498502419845","127.19206701191892"
"875","경기","미사역파라곤스퀘어","37.56422191816654","127.1931585512229"
"876","경기","화성시청","37.201291","126.826193"
"877","경기","화성봉담","37.219202","126.955485"
"878","경기","화성향남","37.131572","126.922767"
"879","경기","동탄카림R","37.19972","127.1135"
"880","경기","동탄능동DT","37.211975","127.053618"
"881","경기","동탄역","37.197988","127.098448"
"882","경기","화성병점DT","37.21261","127.038187"
"883","경기","동탄영천","37.20663","127.111333"
"884","경기","신영통DT","37.2343091","127.06300199999998"
"885","경기","동탄센트럴파크","37.2082443","127.0638898"
"886","경기","동탄","37.201584","127.073193"
"887","경기","동탄광장","37.204774","127.071884"
"888","경기","동탄이마트","37.214754","127.079887"
"889","경기","동탄라크몽","37.167228342028984","127.10512701402484"
"890","경기","화성남양DT","37.2069639382399","126.819198917853"
"891","경기","화성봉담DT","37.22841","126.971844"
"892","경기","동탄목동","37.1825","127.12466"
"893","경기","화성반월DT","37.220205","127.057905"
"894","경기","동탄여울공원","37.20125564665495","127.08991959567788"
"895","경기","동탄트레이더스","37.19395088402858","127.09779795288936"
"896","경기","동탄신리천공원","37.1838791","127.1073533"
"897","경기","화성향남DT","37.1321648581007","126.910301095094"
"898","경기","송산그린시티","37.283841","126.817645"
"899","경기","동탄타임테라스","37.204873813031845","127.06912066667416"
"900","경기","동탄IX타워","37.211299","127.089725"
"901","경기","동탄역롯데R","37.199992","127.097028"
"902","경기","화성안녕DT","37.2026342484652","127.012915698922"
"903","경기","동탄디엠시티","37.20969","127.09927"
"904","경기","화성향남2지구","37.1163585032065","126.91078567528949"
"905","경기","화성향남발안DT","37.1334903068842","126.941212522437"
"906","경기","동탄호수공원","37.1721616","127.1061181"
"907","경기","삼송역","37.652382","126.896055"
"908","경기","원흥역","37.649538","126.876107"
"909","경기","스타필드고양3F","37.647216","126.895577"
"910","경기","스타필드고양1FR","37.64697","126.895523"
"911","경기","고양삼송","37.663813","126.891317"
"912","경기","고양DT","37.7095394","126.90529470000001"
"913","경기","행신역","37.613996","126.834455"
"914","경기","원당DT","37.658155","126.837639"
"915","경기","화정","37.63353224","126.8314538"
"916","경기","화정역","37.6335731","126.83273269999995"
"917","경기","고양덕은","37.5794528561065","126.870613359914"
"918","경기","고양행신","37.623815","126.834306"
"919","경기","고양원흥DT","37.636819","126.869261"
"920","경기","고양향동","37.598934","126.8924129"
"921","경기","지축역","37.649902287279666","126.91431004232291"
"922","경기","화정호국로","37.641763","126.829844"
"923","경기","신흥역","37.440935","127.146642"
"924","경기","성남위례","37.473131","127.141067"
"925","경기","성남이마트","37.4442471","127.14145710000002"
"926","경기","성남태평","37.442561275669","127.136588869764"
"927","경기","판교아이스퀘어","37.4134038262846","127.098334109561"
"928","경기","성남모란삼성프라자","37.43401","127.12782"
"929","경기","남위례역","37.46403","127.14108"
"930","경기","여주DT","37.265915","127.638676"
"931","경기","여주P.아울렛입구","37.240607","127.612308"
"932","경기","여주P.아울렛","37.24272107","127.6126336"
"933","경기","여주남한강DT","37.3004139931102","127.648161642318"
"934","경기","여주자유CC","37.2089834","127.5702741"
"935","경기","평택비전","36.998684","127.114062"
"936","경기","평택서정DT","37.066066","127.063519"
"937","경기","평택안중DT","36.990698","126.913407"
"938","경기","평택로데오","36.9918478","127.08850410000002"
"939","경기","평택AK플라자","36.99159","127.08524"
"940","경기","평택송탄","37.066397","127.062939"
"941","경기","평택독곡DT","37.0868","127.063"
"942","경기","평택이충DT","37.0519107964149","127.077113240433"
"943","경기","평택죽백DT","37.0144149","127.1139504"
"944","경기","평택청북DT","37.0201732740776","126.915001051696"
"945","경기","평택대DT","36.9933627","127.1346334"
"946","경기","평택고덕","37.0402567","127.0510812"
"947","경기","평택이마트","37.0211176055853","127.07553918798"
"948","경기","평택세교DT","37.007346270548","127.078787129681"
"949","경기","평택비전DT","37.011253841642144","127.10463089994097"
"950","경기","주엽강선","37.6664601","126.7662096"
"951","경기","일산가로수길R","37.66544439999999","126.75746860000004"
"952","경기","일산가구단지","37.699706","126.757090"
"953","경기","일산덕이DT","37.69192","126.756991"
"954","경기","일산후곡","37.6773867","126.76756990000001"
"955","경기","더타운몰킨텍스","37.662238","126.743981"
"956","경기","일산탄현제니스","37.695265","126.762135"
"957","경기","대화역","37.6753761","126.7481894"
"958","경기","일산주엽","37.669903","126.762657"
"959","경기","현대킨텍스","37.668128","126.751207"
"960","경기","문촌사거리","37.672648304725364","126.75661266760485"
"961","경기","일산탄현동","37.6951672","126.7644783"
"962","경기","풍무역DT","37.610561","126.737493"
"963","경기","풍무사거리DT","37.607891","126.723023"
"964","경기","김포아이앤씨","37.638769","126.680464"
"965","경기","김포구래","37.645803","126.629073"
"966","경기","김포장기커낼","37.640452","126.677493"
"967","경기","김포감정DT","37.624786","126.696429"
"968","경기","김포운양","37.6543091","126.6841727"
"969","경기","김포이마트","37.6443438","126.628299"
"970","경기","김포풍무DT","37.600112","126.720441"
"971","경기","김포시청","37.618396","126.717912"
"972","경기","김포장기","37.644239","126.667908"
"973","경기","김포통진DT","37.68279422961741","126.61909759569548"
"974","경기","김포현대아울렛3층","37.5993831717372","126.785569327814"
"975","경기","김포구래DT","37.635053","126.627304"
"976","경기","김포석모DT","37.651307","126.650071"
"977","경기","김포걸포","37.631846","126.702037"
"978","경기","김포마산역","37.637677","126.644226"
"979","경기","김포한강로DT","37.6509087656111","126.65468129091"
"980","경기","부천상동역","37.50621","126.75427"
"981","경기","스타필드부천","37.461754","126.813280"
"982","경기","부천옥길","37.467726","126.823388"
"983","경기","부천심곡DT","37.492932","126.78441"
"984","경기","뉴코아부천4층","37.504279","126.756992"
"985","경기","중동이마트","37.504022","126.763939"
"986","경기","부천중동DT","37.4963743","126.76420000000007"
"987","경기","부천신중동역","37.5037646","126.77414390000001"
"988","경기","역곡역DT","37.4835239","126.8093104"
"989","경기","부천중동","37.497976","126.77702"
"990","경기","부천시청역","37.505534","126.762448"
"991","경기","현대중동","37.50428252","126.7621682"
"992","경기","부천플레이도시","37.49991091","126.7449246"
"993","경기","송내역","37.488389","126.752604"
"994","경기","부천","37.485054","126.782117"
"995","경기","부천상동","37.5051779","126.75242359999993"
"996","경기","중동디지털프라자","37.5031811685761","126.770616064676"
"997","경기","부천역","37.48404","126.78265"
"998","경기","부천옥길DT","37.4720219","126.8160956"
"999","경기","부천상동DT","37.5156818312932","126.758575497719"
"1000","경기","부천원종DT","37.5297339526141","126.80545118712157"
"1001","경기","부천중동센트럴","37.501698","126.768647"
"1002","경기","춘의역DT","37.50308","126.78546"
"1003","경기","신중동","37.5003106","126.7764634"
"1004","경기","소사역","37.48165","126.79493"
"1005","경기","광교갤러리아9F","37.2850653","127.0572660"
"1006","경기","수원법조타운","37.29184","127.067164"
"1007","경기","광교역","37.300082","127.043620"
"1008","경기","광교엘포트R","37.2869954","127.05778150000003"
"1009","경기","영통R","37.2453658","127.0618147"
"1010","경기","수원망포DT","37.24582770000001","127.05133999999998"
"1011","경기","수원광교","37.290374","127.049582"
"1012","경기","수원트레이더스","37.24626","127.047864"
"1013","경기","경희대국제캠퍼스","37.247951","127.076749"
"1014","경기","수원망포역","37.245241","127.055904"
"1015","경기","광교이마트","37.2962004","127.0465643"
"1016","경기","수원영통","37.255675","127.074321"
"1017","경기","광교갤러리아6F","37.28539753464783","127.05721832132485"
"1018","경기","광교더샵레이크시티","37.270796","127.060012"
"1019","경기","수원청명","37.2546045588473","127.078292140309"
"1020","경기","광교SK뷰레이크41F","37.2874281438385","127.060247864918"
"1021","경기","안산한양대","37.300847","126.838212"
"1022","경기","안산한대앞역","37.308754","126.851175"
"1023","경기","안산삼성프라자","37.3061739541437","126.847872383514"
"1024","경기","경기양평","37.49134","127.499932"
"1025","경기","더양평DTR","37.4973977","127.4817302"
"1026","경기","용인죽전역R","37.3313521","127.1091828"
"1027","경기","죽전단국대","37.3244016","127.12494279999999"
"1028","경기","수지동천","37.335988","127.09101"
"1029","경기","죽전","37.331506","127.12479"
"1030","경기","수지성복DT","37.314048","127.079162"
"1031","경기","광교중앙로","37.29882","127.06947"
"1032","경기","죽전이마트","37.3253735","127.1099255"
"1033","경기","신세계경기","37.32500393","127.1081332"
"1034","경기","수지이마트","37.31965","127.083677"
"1035","경기","수지풍덕천","37.322169","127.0952655"
"1036","경기","수지구청역","37.3229644","127.0948689"
"1037","경기","수지성복역","37.3127961","127.0802009"
"1038","경기","파주P.아울렛1F","37.769258","126.6947"
"1039","경기","파주야당역","37.712142","126.759475"
"1040","경기","파주금촌역","37.764081","126.774205"
"1041","경기","파주금릉역","37.752207","126.765613"
"1042","경기","파주운정","37.71203","126.744499"
"1043","경기","파주P.아울렛3F","37.768974","126.69632"
"1044","경기","파주문산DT","37.8464380469309","126.789040084356"
"1045","경기","파주가람","37.735972140257","126.759841042896"
"1046","경기","파주산내","37.728707","126.735514"
"1047","경기","파주야당DT","37.70346","126.75964"
"1048","경기","파주운정이마트","37.710647","126.74545"
"1049","경기","지행역","37.892653","127.053463"
"1050","경기","동두천DT","37.888925","127.057066"
"1051","경기","동두천송내DT","37.8808619577964","127.05562688384"
"1052","광주","광주운남DT","35.175136","126.818062"
"1053","광주","광주선운DT","35.146768","126.77772"
"1054","광주","광주산정DT","35.173524","126.804191"
"1055","광주","광주흑석DT","35.176936","126.807887"
"1056","광주","광주송정역","35.138026","126.791444"
"1057","광주","광주수완DT","35.203175","126.819065"
"1058","광주","광주신가DT","35.1790467","126.8301259"
"1059","광주","광주쌍암","35.2192427","126.84242110000002"
"1060","광주","광주장덕","35.191469","126.819259"
"1061","광주","광주하남","35.162722","126.810218"
"1062","광주","광주첨단","35.214806","126.843227"
"1063","광주","광산수완","35.190397","126.824804"
"1064","광주","광주신창강변DT","35.188844789779","126.857649994301"
"1065","광주","광주첨단DT","35.2062384857051","126.847734037212"
"1066","광주","광주비아DT","35.2232057","126.8348789"
"1067","광주","광주송정로","35.137191435617","126.791658278605"
"1068","광주","광주월산DT","35.145516","126.890794"
"1069","광주","광주주월DT","35.1341387","126.8981372"
"1070","광주","광주효천DT","35.100033","126.871253"
"1071","광주","광주봉선로","35.124262","126.907898"
"1072","광주","광주서문대로","35.119448","126.898595"
"1073","광주","광주방림DT","35.13498","126.917698"
"1074","광주","광주봉선중앙","35.1254197","126.9112507"
"1075","광주","광주진월","35.125781","126.897221"
"1076","광주","광주봉선","35.122921","126.914111"
"1077","광주","봉선이마트","35.122407","126.916859"
"1078","광주","광주지산DT","35.149728","126.929070"
"1079","광주","광주동명","35.1503620","126.9236181"
"1080","광주","광주지원DT","35.1175025","126.9340006"
"1081","광주","광주지산유원지입구","35.154459","126.940912"
"1082","광주","광주황금","35.1473572","126.9145683"
"1083","광주","충장서림","35.14808817","126.9173077"
"1084","광주","충장일가","35.146797","126.918252"
"1085","광주","조선대","35.144608","126.930183"
"1086","광주","광주충장DT","35.144342","126.9149709"
"1087","광주","광주오치","35.187452736868266","126.89890250470112"
"1088","광주","광주연제DT","35.197688","126.866803"
"1089","광주","광주신안DT","35.171678","126.894998"
"1090","광주","광주매곡DT","35.189836","126.898698"
"1091","광주","광주두암타운","35.162112","126.937388"
"1092","광주","광주일곡","35.205463","126.898114"
"1093","광주","광주북구청","35.17483","126.914469"
"1094","광주","광주첨단신용","35.20701","126.864115"
"1095","광주","광주용두DT","35.212837","126.868485"
"1096","광주","전남대","35.17719867","126.9124787"
"1097","광주","광주용봉","35.178664","126.895196"
"1098","광주","광주각화DT","35.1886443441194","126.93359912845"
"1099","광주","동광주DT","35.175874","126.927584"
"1100","광주","광주신세계DT","35.1563","126.8831"
"1101","광주","광주상무DT","35.1502","126.8550"
"1102","광주","광주화정DT","35.152205","126.879997"
"1103","광주","광주상무중앙로","35.151021","126.848815"
"1104","광주","광주상무시민로","35.154963","126.854437"
"1105","광주","광주풍암","35.1268447","126.8796486"
"1106","광주","광주금호DT","35.1421126","126.85766460000002"
"1107","광주","광주상무대교","35.1551","126.848788"
"1108","광주","광주동림","35.171734","126.86618"
"1109","광주","신세계광주","35.160794","126.882542"
"1110","광주","광주상무","35.1536205","126.84795429999997"
"1111","광주","상무치평","35.151968","126.853423"
"1112","광주","상무역","35.147468","126.847989"
"1113","광주","신세계광주신관B1","35.158806","126.882069"
"1114","광주","광주풍암호수공원","35.1252752078873","126.869198235695"
"1115","광주","서광주DT","35.129468","126.847401"
"1116","대구","대구영대병원역DT","35.845522","128.593536"
"1117","대구","대구앞산DT","35.835516","128.579871"
"1118","대구","영남대학교의료원영의관","35.846062","128.585107"
"1119","대구","대구가톨릭대학교병원","35.84339006877753","128.56742153199514"
"1120","대구","영남대학교의료원","35.847379","128.585436"
"1121","대구","대구앞산스카이타운","35.8323609810316","128.566888601875"
"1122","대구","계명대동산병원","35.853811","128.480276"
"1123","대구","대구죽전역","35.848437","128.536007"
"1124","대구","대구월곡DT","35.814866","128.541057"
"1125","대구","대구광장","35.855770","128.552811"
"1126","대구","대구월촌역","35.824025","128.545226"
"1127","대구","대구진천역","35.814395","128.524377"
"1128","대구","대구도원DT","35.807727","128.548117"
"1129","대구","대구월성","35.824320","128.525727"
"1130","대구","대구수목원","35.807236","128.520112"
"1131","대구","대구성서IC DT","35.8507998","128.52026039999998"
"1132","대구","대구감삼DT","35.8443842","128.5366553"
"1133","대구","대구상인역","35.8182768","128.53656920000003"
"1134","대구","대구두류DT","35.858804","128.561685"
"1135","대구","대구상인DT","35.822408","128.533771"
"1136","대구","대구계명대","35.85567272","128.4937254"
"1137","대구","대구성서","35.855292","128.510127"
"1138","대구","대구서부정류장역","35.837881","128.556926"
"1139","대구","대구이월드","35.8540248","128.5634167"
"1140","대구","대구대천","35.817117","128.517938"
"1141","대구","신세계대구3F(티바나)","35.877767","128.628498"
"1142","대구","신세계대구8FR","35.877812","128.628453"
"1143","대구","동대구로DT","35.8680868","128.62715890000004"
"1144","대구","대구팔공산","35.9878685","128.636347"
"1145","대구","대구봉무","35.921942","128.639708"
"1146","대구","동대구터미널","35.876315","128.62859"
"1147","대구","대구동촌유원지","35.88011","128.653159"
"1148","대구","반야월이마트","35.870899","128.727397"
"1149","대구","대구팔공로DT","35.9284602","128.6418299"
"1150","대구","대구율하","35.8635367","128.6939265"
"1151","대구","대구각산역DT","35.868908","128.7261214"
"1152","대구","대구파티마병원","35.8842695736665","128.624344515223"
"1153","대구","대구평리DT","35.866138","128.555343"
"1154","대구","대구수성도서관DT","35.873059","128.638985"
"1155","대구","대구그랜드호텔R","35.857871","128.625094"
"1156","대구","국립대구박물관DT","35.845491","128.639059"
"1157","대구","대구수성호수R","35.826126","128.615912"
"1158","대구","대구수성동","35.853776","128.620304"
"1159","대구","대구수성네거리DT","35.860580","128.617977"
"1160","대구","대구중동DT","35.847384","128.612529"
"1161","대구","대구중동네거리DT","35.840917","128.613963"
"1162","대구","대구상동DT","35.8296424","128.6116932"
"1163","대구","대구황금DT","35.839069","128.625797"
"1164","대구","대구삼성화재","35.8661924","128.62626260000002"
"1165","대구","대구시지","35.8394934","128.7080427"
"1166","대구","대구만촌DT","35.856431","128.6502"
"1167","대구","대구수성하이츠","35.8609096","128.61352710000005"
"1168","대구","동아수성","35.82124651","128.6406389"
"1169","대구","수성레이크","35.825764","128.621814"
"1170","대구","대구범어제니스","35.859274","128.629687"
"1171","대구","대구두산DT","35.82728289340839","128.62584861733438"
"1172","대구","대구들안길DT","35.837524","128.616360"
"1173","대구","대구만촌이마트","35.8711227","128.6372145"
"1174","대구","대구시티센터","35.870954","128.598092"
"1175","대구","대구계산","35.866429","128.589696"
"1176","대구","대구중앙로역","35.870674","128.594374"
"1177","대구","대구공평DT","35.8691866","128.6006466"
"1178","대구","반월당","35.86616318","128.5918695"
"1179","대구","동성로광장","35.867319","128.594217"
"1180","대구","동성로로데오","35.86723","128.597862"
"1181","대구","대구종로고택","35.8684287","128.5924722"
"1182","대구","대구반월삼성","35.86657","128.59281"
"1183","대구","대구228중앙공원","35.8701932","128.5969103"
"1184","대구","대구칠성DT","35.879674","128.596391"
"1185","대구","대구유통단지","35.905624","128.613347"
"1186","대구","대구칠곡대로DT","35.926583","128.547736"
"1187","대구","대구동천","35.9425387","128.5604376"
"1188","대구","대구침산DT","35.8874784","128.59183759999996"
"1189","대구","대구칠곡","35.9421792","128.5638788"
"1190","대구","경북대","35.89232","128.608586"
"1191","대구","대구도남","35.9529187724058","128.583384789643"
"1192","대구","대구복현DT","35.8967637","128.6146417"
"1193","대구","대구칠곡읍내DT","35.9518399","128.5531285"
"1194","대구","대구칠성이마트","35.8850726575735","128.589754735838"
"1195","대구","대구금호","35.8960395452115","128.514565076134"
"1196","대구","대구테크노폴리스","35.693334","128.459251"
"1197","대구","대구죽곡","35.859055","128.464166"
"1198","대구","대구현풍DT","35.691195","128.444588"
"1199","대전","대전한남대DT","36.358490","127.423310"
"1200","대전","대전IC DT","36.354628","127.444318"
"1201","대전","대전신탄진DT","36.44866030000001","127.41998309999997"
"1202","대전","대전송촌","36.366313","127.437812"
"1203","대전","신탄진금강DT","36.454619","127.42882"
"1204","대전","대전터미널DT","36.347995","127.434241"
"1205","대전","대전판암DT","36.317013","127.453623"
"1206","대전","대전스타일마켓","36.3502842","127.43662219999999"
"1207","대전","대전가오","36.3070199","127.4561304"
"1208","대전","대전신흥역DT","36.3189576","127.4511473"
"1209","대전","대전용운","36.3289964","127.4671156"
"1210","대전","대전용전DT","36.357196","127.435505"
"1211","대전","대전정부청사역","36.35841","127.382495"
"1212","대전","대전건양대병원","36.307280","127.340876"
"1213","대전","대전탄방역","36.343242","127.385313"
"1214","대전","대전복수","36.298345","127.37824"
"1215","대전","대전둔산남로","36.348893","127.388665"
"1216","대전","대전둔산로","36.354233","127.377273"
"1217","대전","대전법원","36.353315","127.387437"
"1218","대전","대전가수원DT","36.303755","127.348941"
"1219","대전","대전수침교DT","36.3349683","127.39672889999997"
"1220","대전","대전관저","36.2986969","127.337762"
"1221","대전","대전대덕로","36.353466","127.380591"
"1222","대전","대전목원대","36.3318521","127.3385400"
"1223","대전","대전둔산","36.3502188","127.3772612"
"1224","대전","대전만년","36.367606","127.382002"
"1225","대전","대전시청사거리","36.348036","127.383509"
"1226","대전","대전월평","36.361008","127.377288"
"1227","대전","둔산은하수","36.3529477","127.3777879"
"1228","대전","대전탄방","36.3463971","127.38788750000003"
"1229","대전","대전시청역","36.35098154","127.3895116"
"1230","대전","대전호텔","36.358982","127.387649"
"1231","대전","월평트레이더스","36.3576398","127.36299469999994"
"1232","대전","둔산대덕대로","36.3506362965576","127.37852106446"
"1233","대전","둔산삼성프라자","36.3554336798685","127.379975361484"
"1234","대전","대전갈마DT","36.351481343331905","127.37049050661208"
"1235","대전","대전용문DT","36.3350093","127.3897099"
"1236","대전","대전반석역","36.391646","127.314220"
"1237","대전","대전도안DT","36.351462","127.339981"
"1238","대전","대전장대","36.361969","127.336261"
"1239","대전","대전유성구청","36.362206","127.357705"
"1240","대전","대전지족","36.38720540000001","127.3175549"
"1241","대전","대전유성","36.3545222","127.3395544"
"1242","대전","대전전민","36.39943969999999","127.40052530000002"
"1243","대전","대전관평동","36.4255141","127.39263"
"1244","대전","대전조이마루","36.3763115","127.3904691"
"1245","대전","대전노은","36.373444","127.319446"
"1246","대전","충남대정문","36.36066","127.34464"
"1247","대전","대전테크노밸리","36.424826","127.389441"
"1248","대전","대전문지","36.3924494586684","127.405523409052"
"1249","대전","신세계대전R","36.37514","127.38161"
"1250","대전","대전현대아울렛","36.424","127.398625"
"1251","대전","대전유성NC","36.3535775","127.343794"
"1252","대전","대전구암DT","36.34902","127.33263"
"1253","대전","신세계대전B1","36.37514","127.38161"
"1254","대전","대전엑스포스카이","36.37514","127.38161"
"1255","대전","대전대사DT","36.318823","127.417463"
"1256","대전","대전태평","36.323298","127.393417"
"1257","대전","대전유천DT","36.3182966","127.3982383"
"1258","대전","대전중앙로R","36.327962","127.426603"
"1259","대전","대전세이1층","36.320476","127.40852"
"1260","대전","은행동","36.32907873","127.4276569"
"1261","대전","대전목동DT","36.3328668212906","127.410960847549"
"1262","부산","금정남산동DT","35.262466","129.091353"
"1263","부산","금정구청DT","35.238784","129.092964"
"1264","부산","온천장역DT","35.224006","129.08656"
"1265","부산","부산대정문","35.232107","129.084565"
"1266","부산","부산대역","35.230722","129.088165"
"1267","부산","금정이마트","35.250184","129.090774"
"1268","부산","금정구서","35.24699","129.0887563"
"1269","부산","부산서동","35.21468792992495","129.10563510007157"
"1270","부산","용호동W스퀘어","35.13388964658187","129.11281307495818"
"1271","부산","동명대DT","35.12311959047579","129.09901642703608"
"1272","부산","BIFC Mall","35.146436","129.065882"
"1273","부산","부산대연역","35.135032","129.093041"
"1274","부산","경성대","35.137345553736964","129.10063775537583"
"1275","부산","부산대연못골","35.1360684","129.0919586"
"1276","부산","부산역라마다","35.11445","129.040309"
"1277","부산","부산역아스티","35.116741","129.042101"
"1278","부산","부산역","35.11631935","129.0407837"
"1279","부산","범일동일타워","35.138915","129.063487"
"1280","부산","서면중앙대로R","35.1530083","129.0596228"
"1281","부산","서면로R","35.155255","129.057651"
"1282","부산","서면NC","35.157036","129.063029"
"1283","부산","양정역","35.1700743","129.06926269999997"
"1284","부산","동의대역","35.155057","129.036202"
"1285","부산","부산개금역","35.152899","129.0226067"
"1286","부산","서면전포역","35.154345","129.063631"
"1287","부산","부산서면중앙로","35.155521","129.058883"
"1288","부산","서면서전로","35.157995","129.061744"
"1289","부산","부산서면","35.154098","129.061562"
"1290","부산","서면역","35.1579735","129.05999229999998"
"1291","부산","부전역","35.16183","129.061933"
"1292","부산","서면센트럴스퀘어","35.15151","129.061139"
"1293","부산","서면메디컬거리","35.157961","129.05740949999995"
"1294","부산","서면중앙","35.156863","129.058076"
"1295","부산","서면트레이더스","35.163918","129.052684"
"1296","부산","초읍대공원","35.1828193069829","129.04748360769"
"1297","부산","서면엠디엠타워","35.150017","129.058489"
"1298","부산","서면문화로","35.159056","129.057527"
"1299","부산","부산덕천역","35.210787","129.008358"
"1300","부산","부산화명역","35.233829","129.013106"
"1301","부산","화명강변DT","35.216972","129.004611"
"1302","부산","부산구남역DT","35.1982412867577","128.996280148597"
"1303","부산","부산만덕DT","35.213166","129.039764"
"1304","부산","사상주례DT","35.154847","128.996302"
"1305","부산","동서대DT","35.150863","129.010026"
"1306","부산","사상역","35.164003","128.983473"
"1307","부산","부산사상로","35.1629709567761","128.984586499721"
"1308","부산","삼락강변DT","35.17654467870461","128.9766669978161"
"1309","부산","사상엄궁DT","35.127533","128.969588"
"1310","부산","사상이마트","35.1642292","128.9789053"
"1311","부산","다대포비치","35.049404","128.963569"
"1312","부산","부산하단","35.1053448","128.9688718"
"1313","부산","다대포DT","35.060973","128.975257"
"1314","부산","을숙도강변DT","35.115260","128.959578"
"1315","부산","부산괴정역","35.098451","128.994352"
"1316","부산","하단중앙","35.106522","128.966103"
"1317","부산","사하장림DT","35.0849337","128.9802207"
"1318","부산","부산교대역DT","35.1990004","129.0789319"
"1319","부산","연산시티타워","35.188225","129.080949"
"1320","부산","부산연산역","35.1869475","129.0833335"
"1321","부산","연산중앙로","35.185469","129.08067"
"1322","부산","부산교대","35.195708","129.077505"
"1323","부산","연산트레이더스","35.1854506","129.1121467"
"1324","부산","부산시청","35.18159","129.07841"
"1325","부산","연제이마트","35.1758702930247","129.081266439005"
"1326","부산","영도청학DT","35.093885","129.065171"
"1327","부산","영도대교","35.094678","129.037184"
"1328","부산","부산광복로R","35.100123","129.031422"
"1329","부산","자갈치역","35.098378","129.029716"
"1330","부산","국제시장","35.102783","129.028601"
"1331","부산","부산중앙역","35.1050552","129.0359604"
"1332","부산","BIFF광장","35.0989623","129.02805280000007"
"1333","부산","남포동역","35.098311","129.035151"
"1334","부산","기장역DT","35.2421513","129.2201170"
"1335","부산","동부산DT","35.184073","129.210875"
"1336","부산","부산정관","35.321336","129.176983"
"1337","부산","부산P.아울렛","35.325248","129.236612"
"1338","부산","기장일광DT","35.257217098796914","129.22543787231402"
"1339","부산","동부산테마파크","35.19392038207416","129.21399989693612"
"1340","부산","정관신도시DT","35.334546","129.170746"
"1341","부산","광안수변공원","35.153325135368405","129.12454026368186"
"1342","부산","수영역","35.16573717329124","129.1145750821663"
"1343","부산","금련산역","35.147170","129.110500"
"1344","부산","광안비치","35.15317424344426","129.1178487484164"
"1345","부산","수영망미DT","35.177411","129.107428"
"1346","부산","광안리","35.15502782","129.1208407"
"1347","부산","남천","35.14830649","129.1141711"
"1348","부산","남천더샵","35.141257063803636","129.106706345427"
"1349","부산","밀락더마켓","35.15400258151108","129.12727354079507"
"1350","부산","스타필드명지","35.0934683","128.9174322"
"1351","부산","명지강변DT","35.1026237","128.9294804"
"1352","부산","명지국제신도시","35.0979416","128.9199180"
"1353","부산","명지오션시티","35.084043","128.903135"
"1354","부산","명지퍼스트월드","35.097486176649014","128.90749034450783"
"1355","부산","동래역","35.205640","129.080038"
"1356","부산","명륜역","35.212443","129.078378"
"1357","부산","사직구장","35.195954","129.061289"
"1358","부산","부산안락DT","35.1958595","129.10695409999994"
"1359","부산","동래미남DT","35.2072439","129.0719664"
"1360","부산","부산사직","35.198093","129.060473"
"1361","부산","부산온천장역","35.221082","129.085506"
"1362","부산","부산동래","35.203031","129.080982"
"1363","부산","동래허심청","35.22085136198146","129.08274705537875"
"1364","부산","부산송도해수욕장","35.077315","129.017874"
"1365","부산","부민사거리","35.103629","129.02022"
"1366","부산","부산동대신역","35.112688","129.016686"
"1367","부산","동아대병원","35.1195185","129.0172766"
"1368","부산","해운대R","35.158371","129.153065"
"1369","부산","수영강변DT","35.203889","129.119336"
"1370","부산","센텀파크","35.178759","129.122541"
"1371","부산","해운대역","35.163246","129.159547"
"1372","부산","부산재송DT","35.181271","129.12405"
"1373","부산","해운대","35.159965","129.162124"
"1374","부산","센텀로","35.1678356","129.13153920000002"
"1375","부산","센텀신세계B1","35.1687027","129.1297466"
"1376","부산","해운대달맞이DT","35.1615043","129.1710436"
"1377","부산","센텀그린타워","35.174668","129.126697"
"1378","부산","부산송정비치","35.1807279","129.20227690000001"
"1379","부산","장산역","35.16914054","129.1766584"
"1380","부산","하버타운","35.15967926","129.1595078"
"1381","부산","벡스코","35.16884711","129.1354444"
"1382","부산","베네시티","35.1582971","129.1501316"
"1383","부산","팔레드시즈","35.1601225","129.1665774"
"1384","부산","블루스퀘어","35.17229566","129.1755924"
"1385","부산","센텀시티역","35.169925","129.132271"
"1386","부산","제니스스퀘어","35.156657","129.144091"
"1387","부산","마린시티아이파크","35.1569194","129.1434995"
"1388","부산","해운대달맞이","35.157925","129.182307"
"1389","부산","해운대이마트","35.166029","129.167397"
"1390","부산","센텀드림월드","35.167027","129.132829"
"1391","부산","센텀KNN","35.171765","129.128934"
"1392","부산","월드마크센텀","35.17137","129.131112"
"1393","부산","해운대NC","35.1705843","129.1770927"
"1394","부산","해운대좌동","35.1775937","129.1755895"
"1395","부산","해운대 엑스더스카이","35.1599648","129.1697564"
"1396","부산","부산성모안과병원","35.167491","129.1407913"
"1397","부산","센텀신세계3F","35.16906348","129.12906568"
"1398","부산","해운대중동역","35.1671846","129.1678855"
"1399","부산","센텀몰1F","35.16981023","129.12778297"
"1400","부산","그랜드조선 부산","35.1600338","129.1630512"
"1401","울산","울산번영로","35.537113","129.327221"
"1402","울산","울산대공원","35.532330","129.293827"
"1403","울산","울산도산사거리DT","35.531028","129.32974"
"1404","울산","울산시청사거리DT","35.537195","129.313617"
"1405","울산","울산남구청DT","35.5441545","129.32459960000006"
"1406","울산","울산중리사거리DT","35.543928","129.338651"
"1407","울산","울산센트럴","35.538827","129.332793"
"1408","울산","울산삼산로","35.5384838","129.3373025"
"1409","울산","울산대","35.542467","129.260197"
"1410","울산","울산디자인거리","35.540501","129.33876"
"1411","울산","울산신복","35.547956","129.26287"
"1412","울산","울산태화강역DT","35.540197600155174","129.3486954600125"
"1413","울산","울산번영로DT","35.5353216","129.3297364"
"1414","울산","울산삼성프라자","35.5343805","129.3170556"
"1415","울산","울산신정DT","35.5336116","129.3011209"
"1416","울산","울산호계DT","35.6379527","129.3452991"
"1417","울산","울산북구청DT","35.583521","129.358882"
"1418","울산","울산진장","35.562433","129.356469"
"1419","울산","울산정자비치DT","35.628685","129.440824"
"1420","울산","울산화봉","35.588615","129.367334"
"1421","울산","북울산삼성프라자","35.576876","129.356239"
"1422","울산","울산 KTX","35.547868","129.141895"
"1423","울산","울산MBC DT","35.561657","129.332358"
"1424","울산","울산성안","35.577829","129.324413"
"1425","울산","울산성남삼거리","35.553215","129.320479"
"1426","울산","울산병영","35.568536","129.345381"
"1427","울산","울산약사DT","35.573151","129.337371"
"1428","울산","울산국가정원","35.5501032","129.2973993"
"1429","울산","현대동구","35.52114999","129.4317341"
"1430","울산","울산일산비치DT","35.4988643178881","129.430994177348"
"1431","울산","울산대학교병원","35.521006","129.428655"
"1432","울산","울산주전비치","35.5654435","129.4548214"
"1433","인천","인천강화DT","37.7426","126.4916"
"1434","인천","경인교대입구역DT","37.5355197","126.7221530"
"1435","인천","인천계양","37.5398491","126.7350019"
"1436","인천","인천작전","37.527064","126.721981"
"1437","인천","인천계산역DT","37.543529","126.729828"
"1438","인천","계양BMW","37.5322648","126.7564676"
"1439","인천","계양구청","37.53877265879993","126.73864214746677"
"1440","인천","인천학익DT","37.4403818","126.6627574"
"1441","인천","인천용현DT","37.4523373","126.6325809"
"1442","인천","주안역","37.463837","126.68074"
"1443","인천","인하대","37.451827","126.654969"
"1444","인천","시민공원역","37.4580534","126.6810067"
"1445","인천","인천관교DT","37.4418295","126.6931839"
"1446","인천","제물포역DT","37.466522","126.654075"
"1447","인천","인천주안DT","37.4513564","126.6858992"
"1448","인천","인천도화DT","37.47055","126.66703"
"1449","인천","인하대역","37.447795","126.649875"
"1450","인천","SSG랜더스필드2F","37.436624","126.692362"
"1451","인천","SSG랜더스필드1F","37.436624","126.692362"
"1452","인천","인천용일사거리DT","37.4536849988819","126.668272868558"
"1453","인천","송림트레이더스","37.48307","126.66043"
"1454","인천","인천갈산DT","37.5189106","126.7321159"
"1455","인천","인천삼산","37.507296","126.734181"
"1456","인천","부평사거리","37.493886","126.721952"
"1457","인천","부평시장역","37.496786","126.72307"
"1458","인천","부평","37.49158659","126.7244861"
"1459","인천","부평역","37.491434","126.722134"
"1460","인천","인천테크노밸리","37.51499031498426","126.72650053682771"
"1461","인천","인천성모병원","37.4851159","126.7258465"
"1462","인천","인천스퀘어원","37.40590327607463","126.68250913502574"
"1463","인천","인천동춘DT","37.41243","126.664447"
"1464","인천","인천송도","37.39658518373723","126.65155383174638"
"1465","인천","송도트리플R","37.38058951045192","126.65916738736573"
"1466","인천","인천송도DT","37.384821","126.644284"
"1467","인천","인천연수","37.415072","126.677781"
"1468","인천","송도캠퍼스타운역","37.38742756192408","126.66364758106691"
"1469","인천","송도커넬워크","37.39890248614758","126.63640390431155"
"1470","인천","송도센트럴파크","37.394656280123954","126.6415147616451"
"1471","인천","연수이마트","37.404386","126.681528"
"1472","인천","삼성바이오로직스","37.3667885340256","126.65931166936401"
"1473","인천","쉐라톤그랜드인천","37.3902050159621","126.645501281493"
"1474","인천","송도호반써밋","37.41530978018991","126.62409651870597"
"1475","인천","인천옥련DT","37.4213053772688","126.64516866057"
"1476","인천","송도캐슬파크","37.38454814870652","126.64119873759479"
"1477","인천","송도현대아울렛","37.381314","126.657929"
"1478","인천","송도컨벤시아대로DT","37.3824512554796","126.636816667557"
"1479","인천","검단사거리역","37.6025256","126.6574188"
"1480","인천","인천청라센트럴","37.5343559","126.6492859"
"1481","인천","인천청라한신","37.532212","126.647401"
"1482","인천","인천당하DT","37.593418","126.675556"
"1483","인천","인천청라타워돔","37.533884","126.652098"
"1484","인천","인천서구청DT","37.5424157","126.67636"
"1485","인천","인천청라","37.531852","126.652141"
"1486","인천","루원시티","37.5227753","126.6698189"
"1487","인천","인천공촌DT","37.55164","126.68534"
"1488","인천","인천청라DT","37.541371","126.647081"
"1489","인천","검단신도시","37.592603","126.71278"
"1490","인천","부평삼거리역DT","37.476788","126.710148"
"1491","인천","인천구월아시아드","37.442715","126.708511"
"1492","인천","인천터미널사거리","37.445260","126.700865"
"1493","인천","인천서창","37.424128","126.749997"
"1494","인천","인천간석DT","37.469719","126.690745"
"1495","인천","인천예술회관역","37.449472","126.701438"
"1496","인천","구월로데오","37.44420071","126.7021764"
"1497","인천","구월길병원","37.45167435","126.7074902"
"1498","인천","인천구월","37.4462001","126.70099720000007"
"1499","인천","인천논현","37.39952","126.72492"
"1500","인천","인천구월중앙","37.45587","126.71496"
"1501","인천","간석중앙공원DT","37.463301","126.700723"
"1502","인천","영종하늘도시","37.48964311698442","126.5614096679929"
"1503","인천","인천공항T2출국","37.4691084","126.4346961"
"1504","인천","인천공항T2에어","37.465769","126.433126"
"1505","인천","인천공항T2입국","37.46783","126.4323"
"1506","인천","영종도운서역","37.493991","126.492667"
"1507","인천","인천공항중앙","37.449611","126.450031"
"1508","인천","인천공항랜드","37.448963190910085","126.45147223073314"
"1509","강원","동해DT","37.520193","129.114767"
"1510","강원","동해IC DT","37.52873","129.10438"
"1511","강원","설악쏘라노","38.210590","128.528526"
"1512","강원","속초DT","38.1898709","128.58441240000002"
"1513","강원","속초중앙로","38.202593","128.589453"
"1514","강원","속초교동DT","38.1966412","128.5718716"
"1515","강원","속초금호DT","38.2090544007249","128.580487255221"
"1516","강원","춘천구봉산R","37.888306","127.776182"
"1517","강원","춘천후평DT","37.879435","127.750579"
"1518","강원","춘천석사DT","37.856608","127.739326"
"1519","강원","춘천명동","37.87999215","127.7275212"
"1520","강원","춘천이마트","37.86381381","127.71833"
"1521","강원","강원대","37.872749","127.745062"
"1522","강원","춘천퇴계DT","37.855291","127.726209"
"1523","강원","춘천온의","37.867636","127.720852"
"1524","강원","비발디파크","37.645094","127.682234"
"1525","강원","오션월드","37.648815","127.686053"
"1526","강원","강릉송정DT","37.771851","128.922839"
"1527","강원","강릉강문해변","37.794712","128.918555"
"1528","강원","강릉교동광장","37.764312","128.877061"
"1529","강원","강릉중앙로","37.7544531","128.8962224"
"1530","강원","강릉안목항","37.771376","128.948725"
"1531","강원","강릉IC DT","37.7467461225278","128.872311808285"
"1532","강원","강릉율곡DT","37.7698839","128.8922189"
"1533","강원","소노델피노","38.212094","128.493948"
"1534","강원","원주반곡DT","37.319904","127.97157"
"1535","강원","원주명륜DT","37.335971","127.949754"
"1536","강원","원주무실","37.332972","127.930448"
"1537","강원","원주혁신도시","37.323157","127.980611"
"1538","강원","원주터미널","37.343887","127.9311"
"1539","강원","오크밸리","37.43417495876176","127.81854393102705"
"1540","강원","원주IC DT","37.3796535787322","127.94888360686"
"1541","강원","원주단구DT","37.328515","127.953443"
"1542","경남","김해구산DT","35.255678","128.866418"
"1543","경남","김해진영DT","35.3058947","128.7313911"
"1544","경남","신세계김해","35.229471","128.872823"
"1545","경남","김해이마트","35.229471","128.872823"
"1546","경남","김해대로DT","35.227992","128.896545"
"1547","경남","김해외동DT","35.2293661","128.86279760000002"
"1548","경남","김해율하","35.176597","128.812782"
"1549","경남","김해삼계","35.261527","128.871614"
"1550","경남","김해내동","35.2371519","128.86752079999996"
"1551","경남","서김해IC DT","35.2038771973106","128.837970580838"
"1552","경남","김해주촌DT","35.235378","128.84415"
"1553","경남","김해가야로DT","35.2409026","128.8843414"
"1554","경남","장유대청","35.1904824838804","128.801458773585"
"1555","경남","장유율하","35.17158031793282","128.82264103029556"
"1556","경남","진영신도시","35.3074088","128.7352952"
"1557","경남","김해율하신도시","35.170945","128.813901"
"1558","경남","김해금관대로DT","35.2400698","128.8612046"
"1559","경남","밀양DT","35.4853274","128.7512487"
"1560","경남","경남사천DT","35.081409","128.083669"
"1561","경남","사천벌리","34.9411367","128.0863809"
"1562","경남","진주평거","35.172324","128.060063"
"1563","경남","진주칠암DT","35.174907","128.092942"
"1564","경남","진주중안","35.192977","128.082987"
"1565","경남","진주신안","35.184237","128.067852"
"1566","경남","진주경상대","35.15241245","128.1057139"
"1567","경남","진주초전DT","35.197388","128.116032"
"1568","경남","진주혁신도시","35.180806","128.143995"
"1569","경남","경상대칠암캠퍼스","35.1787","128.093582"
"1570","경남","마산회원DT","35.2206567","128.5744344"
"1571","경남","창원상남로","35.2213","128.6810"
"1572","경남","마산역DT","35.2362004","128.5805449"
"1573","경남","마산해안대로DT","35.204197","128.580572"
"1574","경남","진해자은DT","35.143793","128.706881"
"1575","경남","창원역DT","35.257066","128.607861"
"1576","경남","창원호계DT","35.261507","128.523036"
"1577","경남","창원마창대교","35.170623","128.597273"
"1578","경남","삼성창원병원","35.242951","128.592019"
"1579","경남","마산터미널","35.2381341","128.58327"
"1580","경남","창원상남사거리","35.2201968","128.6834225"
"1581","경남","진해용원","35.101122","128.809896"
"1582","경남","창원리베라","35.223387","128.680163"
"1583","경남","창원상남중앙","35.222756","128.684363"
"1584","경남","창원상남동R","35.22446767","128.6839546"
"1585","경남","신세계마산","35.21960023","128.5863581"
"1586","경남","창원시티세븐","35.24025455","128.6527585"
"1587","경남","경남대","35.178461","128.5586"
"1588","경남","창원용지호수","35.229881","128.68189"
"1589","경남","마산월남동DT","35.186017487943346","128.5613020134848"
"1590","경남","마산봉암로DT","35.219082","128.599209"
"1591","경남","진해경화역DT","35.159492","128.691848"
"1592","경남","창원반림","35.2359692897466","128.671852378774"
"1593","경남","창원유니시티","35.256507","128.624929"
"1594","경남","창원NC파크R","35.222648","128.582419"
"1595","경남","창원중앙역","35.238753","128.701406"
"1596","경남","진해부산신항","35.0884076699402","128.814988691616"
"1597","경남","창원대로DT","35.2095615963132","128.683681913031"
"1598","경남","창원사파","35.2230593750904","128.70079848078"
"1599","경남","진해장천","35.13066","128.70353"
"1600","경남","창원파티마병원","35.23740","128.64592"
"1601","경남","창원내서","35.2490312214725","128.510681026083"
"1602","경남","마산진동DT","35.114308","128.482418"
"1603","경남","통영이마트","34.887148","128.418047"
"1604","경남","통영죽림","34.882242","128.422815"
"1605","경남","거제대로DT","34.894667","128.641559"
"1606","경남","거제고현","34.8907709","128.6221848"
"1607","경남","소노캄거제","34.843522","128.70264"
"1608","경남","거제옥포DT","34.88918","128.69154"
"1609","경남","거제장평","34.892974","128.608744"
"1610","경남","남양산IC DT","35.319987","129.030485"
"1611","경남","양산증산역","35.310553","129.009815"
"1612","경남","양산가촌","35.3171469065169","129.001498744995"
"1613","경남","양산덕계DT","35.375986","129.155662"
"1614","경남","양산터미널","35.3353404","129.02685"
"1615","경남","양산범어","35.3287435162243","129.014307074921"
"1616","경남","양산이마트","35.337026","129.026484"
"1617","경남","양산물금DT","35.3075354379422","128.986400471101"
"1618","경북","경산중방DT","35.827736","128.736944"
"1619","경북","영남대아트센터","35.8321641","128.7518856"
"1620","경북","영남대중앙도서관","35.8331655","128.7580143"
"1621","경북","영남대","35.836968","128.753065"
"1622","경북","대구가톨릭대","35.907786","128.812463"
"1623","경북","경산이마트","35.83571847","128.7197969"
"1624","경북","대구대학교","35.897261","128.848996"
"1625","경북","경산임당역DT","35.8335414","128.7454908"
"1626","경북","경산중산","35.83029669680521","128.71974238234182"
"1627","경북","경산하양DT","35.904849","128.823882"
"1628","경북","경주보문","35.836607","129.284983"
"1629","경북","경주터미널DT","35.838226","129.203324"
"1630","경북","경주황성","35.8638933","129.21298109999998"
"1631","경북","경주대릉원","35.8339927","129.2149807"
"1632","경북","경주보문호수DT","35.8532391","129.2686877"
"1633","경북","경주중앙","35.842119","129.212469"
"1634","경북","경주보문로DT","35.838831","129.285953"
"1635","경북","경주용강DT","35.8677384570479","129.224454581086"
"1636","경북","구미상모DT","36.0823172","128.35638470000003"
"1637","경북","구미도량DT","36.138474","128.316815"
"1638","경북","구미옥계","36.138285","128.419563"
"1639","경북","구미시청DT","36.1176314","128.34160680000002"
"1640","경북","구미인의","36.1069986","128.4207103"
"1641","경북","구미금오산DT","36.12245","128.323746"
"1642","경북","구미인동","36.10809343","128.4183751"
"1643","경북","구미공단","36.101533","128.385933"
"1644","경북","구미광평DT","36.10374","128.36359"
"1645","경북","구미문성DT","36.160862","128.342911"
"1646","경북","구미확장단지","36.155923","128.429900"
"1647","경북","상주무양DT","36.42637","128.157052"
"1648","경북","경북도청대로","36.5747342643423","128.485495539219"
"1649","경북","포항쌍용DT","36.0155","129.352589"
"1650","경북","포항오천","35.9642032","129.4027158"
"1651","경북","포항대이","36.025372","129.339307"
"1652","경북","포항이마트","35.991402","129.398459"
"1653","경북","포항시청","36.018247","129.342089"
"1654","경북","포항송도","36.0356471","129.3794457"
"1655","경북","포항IC DT","36.0354995","129.3330309"
"1656","경북","포항세명기독병원","36.017825","129.362026"
"1657","경북","포항포스코DT","35.996969","129.388271"
"1658","경북","문경새재","36.759398","128.077572"
"1659","경북","김천구미역","36.116366","128.181653"
"1660","경북","김천시청DT","36.132504","128.11759"
"1661","경북","김천부곡DT","36.12816","128.1013"
"1662","경북","안동이마트","36.558505","128.699308"
"1663","경북","안동병원","36.547024","128.70064"
"1664","경북","안동시청","36.5663574","128.7311385"
"1665","경북","안동강변DT","36.561867","128.739242"
"1666","경북","안동옥동","36.5622894296505","128.701536314643"
"1667","경북","영천완산DT","35.9670208","128.9488634"
"1668","경북","포항죽도DT","36.018521","129.347918"
"1669","경북","포항장성DT","36.074535","129.384214"
"1670","경북","포항양덕","36.0815505","129.3981614"
"1671","경북","포항중앙","36.038713","129.364099"
"1672","경북","포항영일대비치","36.0549919","129.37698060000002"
"1673","경북","포항법원DT","36.088505","129.385016"
"1674","경북","포항중앙로DT","36.030707","129.366266"
"1675","전남","전남광양DT","34.94319620","127.69779243"
"1676","전남","광양LF","34.963281","127.566205"
"1677","전남","광양마동DT","34.940272","127.705859"
"1678","전남","목포터미널DT","34.8101683","126.4169697"
"1679","전남","목포하당","34.803958","126.419806"
"1680","전남","목포북항DT","34.8086337","126.37326580000001"
"1681","전남","목포옥암","34.807386","126.4272671"
"1682","전남","목포평화광장","34.796986","126.43495"
"1683","전남","목포이마트","34.811595","126.425164"
"1684","전남","목포용해DT","34.8221766","126.3941505"
"1685","전남","목포남악","34.8131423","126.4617254"
"1686","전남","전남도청DT","34.810407","126.460422"
"1687","전남","순천연향","34.952252","127.518725"
"1688","전남","순천신대","34.933509","127.550306"
"1689","전남","순천호수공원","34.968146","127.523261"
"1690","전남","순천조례","34.971612","127.520805"
"1691","전남","순천용당DT","34.9801606","127.4853980"
"1692","전남","순천팔마DT","34.9351333","127.5216868"
"1693","전남","순천이마트","34.9424196249689","127.508739614794"
"1694","전남","순천오천","34.9370514855309","127.495604561002"
"1695","전남","여수해양공원","34.738437","127.744285"
"1696","전남","여수학동DT","34.761510","127.660968"
"1697","전남","여수웅천","34.746166","127.671046"
"1698","전남","여수둔덕DT","34.768947","127.697469"
"1699","전남","여수여서","34.752883","127.704195"
"1700","전남","여수여천","34.75984","127.667034"
"1701","전남","더여수돌산DT","34.727515","127.743784"
"1702","전남","여수신월DT","34.72469427","127.70887073"
"1703","전남","여수마리나","34.74037053","127.67784699"
"1704","전남","전남화순DT","35.0685265672376","126.988766609482"
"1705","전남","전남나주","35.022514","126.788058"
"1706","전남","나주혁신DT","35.021078","126.802196"
"1707","전북","전북김제DT","35.806162378081","126.906437024493"
"1708","전북","전북남원DT","35.4038734001655","127.382879964388"
"1709","전북","익산모현","35.948353","126.942392"
"1710","전북","익산영등DT","35.959316","126.968766"
"1711","전북","익산영등","35.958206","126.973766"
"1712","전북","익산어양","35.9646868","126.9801194"
"1713","전북","익산동산DT","35.929203191884","126.958252723202"
"1714","전북","전주송천DT","35.867469","127.121929"
"1715","전북","전북대병원DT","35.842014","127.137492"
"1716","전북","전주혁신도시","35.83811","127.059364"
"1717","전북","전주덕진광장DT","35.842878","127.124205"
"1718","전북","전북대","35.8429149","127.12682289999998"
"1719","전북","전주에코시티","35.8730804271739","127.124589347394"
"1720","전북","전주인후DT","35.825831","127.164394"
"1721","전북","전주호성DT","35.86343771221437","127.150815264746"
"1722","전북","전주만성DT","35.8366124098115","127.077815422256"
"1723","전북","전주IC DT","35.8680183497423","127.074447294819"
"1724","전북","전주시청","35.8256868638257","127.146223309261"
"1725","전북","전주평화DT","35.788482","127.131075"
"1726","전북","전주백제대로DT","35.814654","127.123414"
"1727","전북","전주효자DT","35.8058839","127.11108430000001"
"1728","전북","전주서신","35.8345971","127.1161323"
"1729","전북","전주홍산로","35.8148784","127.1064483"
"1730","전북","전주한옥마을","35.8134452","127.1485323"
"1731","전북","전북도청","35.81559","127.109351"
"1732","전북","전주경원","35.819775","127.144494"
"1733","전북","전주신시가지","35.817258","127.101759"
"1734","전북","전주이마트","35.83232","127.12023"
"1735","전북","전주효천DT","35.8007884975074","127.099306207086"
"1736","전북","전북정읍DT","35.570273","126.851701"
"1737","전북","군산나운DT","35.962771","126.695586"
"1738","전북","군산수송","35.964213","126.717207"
"1739","전북","군산대","35.945739","126.685965"
"1740","전북","군산이마트","35.98267704587059","126.73495152434147"
"1741","전북","군산조촌DT","35.9669574466243","126.734627249091"
"1742","전북","군산수송DT","35.959044","126.714635"
"1743","충남","공주동학사DT","36.3633600","127.2535628"
"1744","충남","공주신관","36.474648","127.14003"
"1745","충남","공주DT","36.46815","127.14274"
"1746","충남","논산중앙","36.2012496","127.0899058"
"1747","충남","논산내동DT","36.182035","127.099790"
"1748","충남","충남보령DT","36.3408254","126.5893248"
"1749","충남","대천해수욕장","36.31489291039608","126.51211639981115"
"1750","충남","서산예천DT","36.771727","126.440171"
"1751","충남","서산호수","36.776653","126.448646"
"1752","충남","서산석남DT","36.7649348","126.4532335"
"1753","충남","천안신부R","36.819309","127.157715"
"1754","충남","천안청당","36.785895","127.157564"
"1755","충남","천안안서","36.830087","127.179779"
"1756","충남","천안IC DT","36.82025","127.1615"
"1757","충남","천안원성DT","36.8040108191267","127.158508258844"
"1758","충남","신세계천안아산","36.819645","127.157085"
"1759","충남","천안청당신도시","36.781451","127.152767"
"1760","충남","천안대로DT","36.795121","127.164257"
"1761","충남","천안서북이마트","36.838876","127.122399"
"1762","충남","천안백석","36.823793","127.121751"
"1763","충남","천안불당DT","36.805399","127.106090"
"1764","충남","천안서부대로DT","36.8035728","127.12717999999995"
"1765","충남","천안두정역DT","36.83287887809728","127.14631562178056"
"1766","충남","천안시청","36.8165367","127.1065647"
"1767","충남","천안쌍용역","36.793123","127.122230"
"1768","충남","천안신불당","36.812323","127.108287"
"1769","충남","천안성정DT","36.8253941","127.1403512"
"1770","충남","천안불당","36.8100104","127.1109606"
"1771","충남","천안두정","36.833981","127.134838"
"1772","충남","천안이마트","36.795879","127.127159"
"1773","충남","천안업성레이크","36.8455354220818","127.138131101768"
"1774","충남","충남홍성DT","36.609888","126.663499"
"1775","충남","충남도청","36.657028","126.681598"
"1776","충남","계룡대로DT","36.288381","127.244398"
"1777","충남","당진시곡DT","36.903029","126.683873"
"1778","충남","당진문예의전당","36.891205","126.638986"
"1779","충남","아산방축DT","36.783636","126.992786"
"1780","충남","아산배방","36.774872","127.053978"
"1781","충남","아산탕정","36.798663","127.058333"
"1782","충남","아산용화","36.774397","127.008545"
"1783","충남","아산터미널","36.783865","127.0162904"
"1784","충남","아산권곡","36.788475472035394","127.01595381798682"
"1785","충남","아산탕정역","36.787035538908","127.083770645339"
"1786","충남","아산모종","36.7763001572423","127.028425229056"
"1787","충남","천안아산역","36.797641","127.105792"
"1788","충북","충북증평","36.789084","127.578648"
"1789","충북","청주용암DT","36.607867","127.503945"
"1790","충북","청주용담DT","36.634172","127.50511"
"1791","충북","청주서문","36.635373","127.486041"
"1792","충북","청주동남","36.6154896","127.5164368"
"1793","충북","충주호암DT","36.959262","127.923655"
"1794","충북","충주시청DT","36.9900658","127.9287563"
"1795","충북","충주터미널","36.980662","127.915191"
"1796","충북","충주연수","36.982721","127.939889"
"1797","충북","충주교현DT","36.9669539347259","127.947289361446"
"1798","충북","충북혁신도시","36.908813","127.542587"
"1799","충북","제천DT","37.143691","128.213266"
"1800","충북","청주비하DT","36.638464273093284","127.42233788034252"
"1801","충북","청주오송","36.629921","127.33282"
"1802","충북","청주봉명DT","36.646765","127.464772"
"1803","충북","청주강서","36.625422","127.430108"
"1804","충북","청주지웰시티","36.643359","127.427107"
"1805","충북","현대충청","36.644407","127.426305"
"1806","충북","청주터미널","36.626769","127.432035"
"1807","충북","오송바이오산업단지","36.6326194371358","127.327235829116"
"1808","충북","청주서현","36.61781159214528","127.42924727083607"
"1809","충북","청주복대지웰","36.64182","127.42812"
"1810","충북","청주이마트","36.6011458","127.4746811"
"1811","충북","청주사직DT","36.635848","127.481034"
"1812","충북","청주성화","36.6176114","127.44608549999998"
"1813","충북","충북대","36.633965","127.459715"
"1814","충북","청주분평DT","36.605664","127.494821"
"1815","충북","오창호수공원","36.712751","127.427283"
"1816","충북","청주율량DT","36.666230","127.493207"
"1817","충북","오창과학단지","36.716466","127.423272"
"1818","충북","충북혁신덕산","36.899775","127.529365"
"1819","제주","제주신화월드R","33.306608","126.316714"
"1820","제주","제주에듀시티","33.291788","126.284407"
"1821","제주","제주성산DT","33.449980","126.920605"
"1822","제주","제주중문DT","33.2549983","126.41590589999998"
"1823","제주","제주송악산","33.206799","126.290035"
"1824","제주","서귀포DT","33.2492775","126.50652289999993"
"1825","제주","성산일출봉","33.462865","126.935544"
"1826","제주","제주중문","33.251128","126.412752"
"1827","제주","서귀포올레","33.2483024645772","126.563777617613"
"1828","제주","제주서귀포남원DT","33.2828825","126.718877"
"1829","제주","제주도남DT","33.480565","126.523646"
"1830","제주","제주협재","33.393839","126.24049"
"1831","제주","제주외도DT","33.492554","126.427169"
"1832","제주","제주삼화DT","33.5117687","126.5804734"
"1833","제주","제주시청","33.500516","126.529711"
"1834","제주","제주함덕","33.542511","126.668567"
"1835","제주","제주노형공원","33.481794","126.482523"
"1836","제주","제주애월DT","33.47278","126.348739"
"1837","제주","제주칠성","33.513349","126.5252435"
"1838","제주","제주노형","33.4878111","126.4818612"
"1839","제주","제주용담DT","33.512345","126.484564"
"1840","제주","신제주이마트","33.484959","126.480478"
"1841","제주","제주노형로","33.4834410103164","126.476159449097"
"1842","제주","제주노형DT","33.4908499861488","126.474278374413"
"1843","제주","제주한라수목원DT","33.4690200090396","126.484585553868"
"1844","제주","제주서해안로DT","33.5167857","126.5035553"
"1845","제주","제주일도DT","33.5073284","126.5408980"
"1846","제주","제주공항DT","33.5005664","126.5054842"
"1847","제주","제주평화로DT","33.4631102535513","126.451049084879"
"1848","세종","세종다정DT","36.494878","127.255384"
"1849","세종","세종보람","36.4773322231936","127.28651937895552"
"1850","세종","세종새롬","36.486896","127.250718"
"1851","세종","세종어진R","36.508188","127.261188"
"1852","세종","세종종촌","36.5041123","127.2493812"
"1853","세종","세종첫마을","36.4803826","127.2617948"
"1854","세종","세종이마트","36.4712189","127.2509973"
"1855","세종","세종청사","36.504565","127.270769"
"1856","세종","세종아름","36.51188","127.24277"
"1857","세종","세종반곡","36.4978562567888","127.31004736092"
"1858","세종","세종한솔","36.479955","127.253348"
"1859","세종","세종소담","36.485755","127.300509"
"1860","세종","세종충남대학교병원","36.51936","127.25828"
