스타벅스 역삼아레나빌딩,37.501087,127.043069
스타벅스 논현역사거리,37.510178,127.022223
스타벅스 신사역성일빌딩,37.5139309,127.0206057
스타벅스 국기원사거리,37.499517,127.031495
스타벅스 대치재경빌딩R,37.494668,127.062583
스타벅스 봉은사역,37.515,127.063196
스타벅스 압구정윤성빌딩,37.5227934,127.0286009
스타벅스 코엑스별마당,37.51015,127.060275
스타벅스 삼성역섬유센터R,37.50775,127.060651
스타벅스 압구정R,37.5273669,127.033061
스타벅스 수서역R,37.488008,127.10265
스타벅스 양재강남빌딩R,37.485192,127.036685
스타벅스 선릉동신빌딩R,37.505321,127.050409
스타벅스 봉은사로선정릉,37.511293,127.048409
스타벅스 강남오거리,37.502117,127.026672
스타벅스 스타필드코엑스몰R,37.50999,127.061455
스타벅스 강남구청정문,37.518181,127.045995
스타벅스 도곡공원,37.492805,127.041309
스타벅스 강남R,37.497711,127.028439
스타벅스 대치은마사거리,37.498973,127.060172
스타벅스 청담영동대로,37.522156,127.056449
스타벅스 압구정,37.526283,127.02956
스타벅스 신사가로수,37.521933,127.022521
스타벅스 청담스타R,37.525216,127.041827
스타벅스 강남우성,37.492396,127.03091
스타벅스 학동사거리,37.52236449999999,127.03795430000002
스타벅스 대치사거리,37.503331,127.058817
스타벅스 포스코사거리,37.5075307,127.05742710000004
스타벅스 을지병원사거리,37.5191632,127.0286446
스타벅스 신사역,37.5162021,127.0207428
스타벅스 도곡역,37.492167,127.057398
스타벅스 서울세관사거리,37.514887,127.035653
스타벅스 청담사거리,37.5236351,127.0468651
스타벅스 한티역,37.496801,127.055055
스타벅스 역삼초교사거리,37.4941059,127.03299730000003
스타벅스 코엑스몰,37.513715,127.059245
스타벅스 가로수길,37.5231593,127.02162499999996
스타벅스 역삼대로,37.501623,127.039375
스타벅스 역삼포스코,37.499721,127.033582
스타벅스 강남대로,37.50314,127.025546
스타벅스 청담,37.5243631,127.05155990000004
스타벅스 삼성도심공항,37.5097863,127.05791339999996
스타벅스 삼성교,37.507794,127.06517
스타벅스 학동역,37.51464884,127.0307302
스타벅스 대치,37.49966175,127.0622171
스타벅스 SSG마켓도곡R,37.490298,127.054895
스타벅스 삼성,37.50703529,127.0555503
스타벅스 선릉세화빌딩,37.50377562,127.051196
스타벅스 압구정역,37.52674095,127.0281105
스타벅스 압구정로,37.52680046,127.0347174
스타벅스 구역삼사거리,37.49592355,127.0388645
스타벅스 큰길타워,37.50236693,127.0407
스타벅스 강남구청역,37.5165849,127.04124330000002
스타벅스 대치역,37.493554,127.061874
스타벅스 포이,37.47781106,127.0451411
스타벅스 아크플레이스,37.49971982,127.0349084
스타벅스 학여울역,37.49803646,127.0684943
스타벅스 선정릉역,37.51075489999999,127.04455970000004
스타벅스 삼성현대힐,37.51354184,127.0527183
스타벅스 GS타워,37.5018592,127.03727759999992
스타벅스 압구정미소,37.52405601,127.027915
스타벅스 선릉역,37.50393894,127.0485135
스타벅스 코엑스사거리,37.515351,127.060109
스타벅스 역삼럭키,37.492209,127.039389
스타벅스 신압구정,37.528115,127.036441
스타벅스 아크로힐스논현,37.50898041,127.0403869
스타벅스 강남비젼타워,37.4964557,127.02968850000002
스타벅스 압구정로데오역,37.526549,127.040437
스타벅스 르네상스사거리,37.502721,127.044308
스타벅스 포스코,37.50576,127.057966
스타벅스 선릉로,37.505053,127.046577
스타벅스 논현힐탑,37.5115577,127.03226199999995
스타벅스 도산가로수길,37.51736229999999,127.02329570000006
스타벅스 대치한티,37.4984818,127.052066
스타벅스 개포동,37.4828551359882,127.0607152444621
스타벅스 수서역사거리,37.4873267937748,127.103140081887
스타벅스 코엑스아셈타워,37.513019,127.059838
스타벅스 센터필드R,37.50369465391196,127.04172081609173
스타벅스 도산사거리,37.51966,127.0341
스타벅스 강남세곡,37.467274319644,127.099929726
스타벅스 대치삼성프라자,37.500313,127.066961
스타벅스 언주역,37.507775,127.036472
스타벅스 강남역신분당역사,37.4970572543978,127.028180714381
스타벅스 삼성역,37.509206962541256,127.06560851480327
스타벅스 테헤란로아남타워,37.50383,127.04487
스타벅스 강남논현,37.5078978596254,127.023338614644
스타벅스 삼성동,37.510843366121534,127.06363342044264
스타벅스 역삼이마트,37.499367,127.048425
스타벅스 미아뉴타운,37.618319,127.021072
스타벅스 강북구청사거리,37.6400354,127.0273766
스타벅스 미아사거리역,37.611809,127.0306971
스타벅스 수유역,37.6380167,127.02613500000008
스타벅스 미아역,37.626148,127.026578
스타벅스 파라스파라서울,37.664380074618,127.008566467101
스타벅스 발산역사거리,37.558509,126.835096
스타벅스 마곡역,37.559611,126.826298
스타벅스 우장산역,37.549501,126.835984
스타벅스 마곡사이언스타워R,37.5605261,126.833887
스타벅스 방화DT,37.574339,126.816415
스타벅스 마곡나루역,37.56813,126.82614
스타벅스 마곡GMG,37.560487,126.829667
스타벅스 가양역,37.56164,126.853327
스타벅스 화곡DT,37.535149,126.863232
스타벅스 양천향교역,37.566964,126.840731
스타벅스 화곡동,37.5405115,126.8372413
스타벅스 등촌,37.5582043,126.84433919999992
스타벅스 염창역,37.547359,126.874436
스타벅스 발산역,37.56033,126.839279
스타벅스 까치산역,37.532303,126.846077
스타벅스 화곡역8번출구,37.542514,126.839062
스타벅스 강서우장산,37.546305,126.835923
스타벅스 등촌대로,37.55101,126.86638
스타벅스 가양역사거리,37.56007,126.855372
스타벅스 내발산,37.55467,126.83672
스타벅스 마곡웰튼,37.56754,126.82553
스타벅스 김포공항DT,37.566396,126.80608
스타벅스 강서NC,37.560088,126.840534
스타벅스 마곡나루공원,37.567007,126.822246
스타벅스 강서구청사거리,37.5549266,126.8523133
스타벅스 낙성대역,37.477946,126.961193
스타벅스 관악서울대입구R,37.479343,126.95278
스타벅스 신림DT,37.480935,126.908407
스타벅스 서울대역,37.481599,126.9522
스타벅스 낙성대DT,37.476169,126.965005
스타벅스 사당,37.47601,126.980997
스타벅스 보라매대교,37.491449,126.925432
스타벅스 신림,37.48609493,126.9291602
스타벅스 신림타임스트림,37.48385383,126.9301799
스타벅스 서울대입구역,37.48118,126.951324
스타벅스 서울대입구역8번출구,37.4812061,126.9536942
스타벅스 봉천역,37.4820375340064,126.942287792538
스타벅스 건국대,37.5415592,127.0711244
스타벅스 어린이대공원역,37.551946,127.076404
스타벅스 아차산역,37.5505388,127.0898757
스타벅스 올림픽대교북단,37.541129,127.09524
스타벅스 구의DT,37.5451984,127.0871587
스타벅스 자양사거리,37.5371158,127.0825821
스타벅스 군자역,37.556965,127.079032
스타벅스 광나루,37.547442,127.105934
스타벅스 건대스타시티,37.538544,127.073009
스타벅스 건대입구,37.5406604,127.0707225
스타벅스 구의역,37.53698,127.084015
스타벅스 광장,37.542518,127.099651
스타벅스 건국클래식,37.538466,127.071271
스타벅스 건대후문,37.5460180138476,127.074001181744
스타벅스 중곡역,37.5650109508732,127.08459679908
스타벅스 자양이마트,37.537817,127.072597
스타벅스 뚝섬유원지역,37.532684640479,127.067878503557
스타벅스 군자사거리,37.5575666,127.079334
스타벅스 금천구청역,37.455983,126.895727
스타벅스 가산에스케이,37.48061318,126.8805702
스타벅스 독산사거리,37.471528328745485,126.89856062315228
스타벅스 금천시흥,37.448624,126.903183
스타벅스 가산디지털단지역,37.481324,126.883779
스타벅스 금천독산,37.46914,126.895246
스타벅스 가산디지털,37.4798346,126.88249969999993
스타벅스 마리오아울렛,37.478701,126.885076
스타벅스 가산브이타워,37.477221,126.883683
스타벅스 가산그레이트,37.4794491,126.88747680000006
스타벅스 독산역,37.4676446,126.8876698
스타벅스 가산현대아울렛,37.477581,126.888603
스타벅스 월계역,37.6295,127.0574
스타벅스 월계트레이더스,37.6277053,127.06149779999998
스타벅스 상계초교사거리,37.656776,127.066442
스타벅스 공릉DT,37.6206884,127.0743116
스타벅스 노원마들역,37.660941,127.058008
스타벅스 공릉역,37.626337,127.072252
스타벅스 은행사거리,37.65048737,127.0759861
스타벅스 노원KT,37.654562,127.063617
스타벅스 광운대,37.6231479,127.06070090000004
스타벅스 중계역,37.64817,127.062244
스타벅스 노원역,37.654751,127.060034
스타벅스 월계이마트,37.627155,127.062094
스타벅스 태릉입구역DT,37.61942,127.07932
스타벅스 노원상계,37.651535,127.061026
스타벅스 창동이마트,37.651645,127.046869
스타벅스 쌍문역,37.648456,127.034783
스타벅스 쌍문도봉로,37.6453516,127.0331011
스타벅스 도봉로DT,37.6611805929041,127.041630065957
스타벅스 방학역,37.6653125,127.0433125
스타벅스 창동역,37.6545021055909,127.049672533607
스타벅스 노량진동,37.513068,126.946537
스타벅스 남성역,37.4841198,126.9725739
스타벅스 상도역,37.5031936,126.9484581
스타벅스 보라매공원R,37.49226212712864,126.92334570798292
스타벅스 이수자이,37.484414,126.980047
스타벅스 노량진역,37.51339,126.940879
스타벅스 신대방삼거리역,37.499914,126.931766
스타벅스 중앙대,37.506933,126.958125
스타벅스 숭실대입구역,37.4968346,126.95271230000004
스타벅스 숭실대,37.49538073,126.9548891
스타벅스 사당역,37.47849216,126.9813456
스타벅스 서강대프라자,37.551073,126.943096
스타벅스 상암YTN,37.579183,126.892315
스타벅스 마포용강동,37.541186,126.942209
스타벅스 홍대입구역사거리R,37.554636,126.92036
스타벅스 마포경찰서후문,37.5508,126.953432
스타벅스 공덕,37.545913,126.952956
스타벅스 합정폴리스R,37.5509,126.9134
스타벅스 홍대공항철도역,37.557491,126.925146
스타벅스 마포염리,37.543876,126.94768
스타벅스 서강광흥창역,37.549377,126.931661
스타벅스 합정,37.54963,126.912999
스타벅스 서강대흥역,37.548178,126.941576
스타벅스 서교동사거리,37.553376,126.918564
스타벅스 상암사보이시티,37.58147,126.888983
스타벅스 신촌오거리,37.555137,126.934694
스타벅스 상암디지털큐브,37.5763132,126.8892477
스타벅스 상수역,37.5474817,126.92321579999998
스타벅스 공덕오거리,37.5424641,126.95057730000008
스타벅스 서강대,37.5524584,126.9378262
스타벅스 상암MBC,37.581297,126.890908
스타벅스 동교,37.556928,126.919819
스타벅스 애오개역,37.55218737,126.9555203
스타벅스 상암DMC,37.577623,126.890684
스타벅스 마포일진빌딩,37.54043451,126.9463168
스타벅스 마포아크로,37.54145556,126.948819
스타벅스 홍대삼거리,37.550266,126.923179
스타벅스 망원역,37.555829,126.910637
스타벅스 마포이마트,37.542421,126.953341
스타벅스 합정메세나몰,37.551004,126.913848
스타벅스 아현역대로,37.557097,126.954834
스타벅스 디지털미디어시티역,37.57609,126.89897
스타벅스 홍대역8번출구,37.556743503599,126.924166543608
스타벅스 합정푸르지오,37.55109819950203,126.9123070691659
스타벅스 홍대동교,37.5583280533329,126.926246501876
스타벅스 망원한강공원,37.5545625,126.8956875
스타벅스 홍대역,37.557175,126.923654
스타벅스 가재울뉴타운,37.5749841,126.9164441
스타벅스 남가좌사거리,37.577386,126.920815
스타벅스 신촌역,37.556167,126.934673
스타벅스 연희동,37.566702,126.930475
스타벅스 아현역,37.558421,126.956349
스타벅스 홍제역,37.588658,126.943864
스타벅스 연세백양로,37.562644,126.937529
스타벅스 연희DT,37.5702143,126.9339777
스타벅스 경기대,37.56367995,126.9646045
스타벅스 신촌,37.55648577,126.9371155
스타벅스 이대R,37.55848315,126.9459643
스타벅스 연세종합관,37.56177145,126.9414708
스타벅스 이대ECC,37.561631,126.94735
스타벅스 연대,37.558706,126.936727
스타벅스 신촌아트레온,37.556505,126.940238
스타벅스 충정로역,37.56137,126.963219
스타벅스 연대동문,37.566385,126.946273
스타벅스 신촌명물거리,37.557796,126.938095
스타벅스 충정타워,37.559869,126.96411
스타벅스 이대역,37.5570861,126.9462802
스타벅스 북가좌DT,37.580758,126.911478
스타벅스 현대신촌,37.5560830579515,126.935844876509
스타벅스 방배로,37.4793434,126.9994968
스타벅스 강남교보타워R,37.503789,127.024075
스타벅스 방배다이치빌딩,37.484329,126.995872
스타벅스 센트럴F1,37.505148,127.004395
스타벅스 서초역이화빌딩,37.487931,127.009126
스타벅스 서초구청,37.484206,127.030103
스타벅스 서초우성사거리,37.493545,127.02943
스타벅스 이수역사거리,37.48585,126.983027
스타벅스 강남대로신사,37.51489,127.019469
스타벅스 서울고속터미널,37.504406,127.005648
스타벅스 강남대로논현R,37.507413,127.022568
스타벅스 방배,37.491914,126.99049739999998
스타벅스 방배카페거리,37.4934767,126.9865297
스타벅스 서초법원,37.49297,127.011875
스타벅스 청계산입구역,37.447323,127.05625
스타벅스 사당로데오,37.4772752,126.98216049999996
스타벅스 파미에파크R,37.5030521,127.004362
스타벅스 양재역,37.4820475,127.0367682
스타벅스 논현역,37.5111983,127.0205875
스타벅스 이수역,37.4864664,126.98274029999992
스타벅스 내방역,37.490004,126.992455
스타벅스 서초파라곤,37.494941,127.027422
스타벅스 서울아트센터,37.480866,127.012368
스타벅스 서초중앙로,37.501691,127.01152
스타벅스 센트럴시티,37.504707,127.004459
스타벅스 강남삼성타운,37.49562035,127.0277144
스타벅스 방배역,37.48200755,126.9976438
스타벅스 반포역,37.508589,127.011959
스타벅스 남부터미널,37.48467334,127.0169464
스타벅스 뉴코아강남,37.51031339,127.0069582
스타벅스 강남2,37.5000875,127.02549090000002
스타벅스 교대,37.4923611,127.0142207
스타벅스 하이브랜드,37.46330766,127.0368447
스타벅스 신논현역,37.50529,127.023636
스타벅스 영동2교,37.48203954,127.0425748
스타벅스 남부터미널2,37.48436736,127.0142192
스타벅스 서래마을입구,37.49925284,126.9984801
스타벅스 몬테소리,37.4982695,127.026865
스타벅스 서초역,37.49067495,127.0086118
스타벅스 교대법원,37.496329,127.013336
스타벅스 강남GT타워,37.498056,127.02583300000003
스타벅스 서초동,37.485941,127.021525
스타벅스 서울교대,37.487397,127.015134
스타벅스 강남에비뉴,37.5027,127.023894
스타벅스 반포자이,37.507170475349405,127.0099189083483
스타벅스 강남역우송빌딩,37.4981314601413,127.02527908458
스타벅스 서이초교사거리,37.4918146,127.0252252
스타벅스 서울웨이브아트센터,37.518807,127.00704
스타벅스 교대역,37.494207,127.01394
스타벅스 길음역,37.602139,127.025271
스타벅스 미아이마트,37.610678,127.029921
스타벅스 종암DT,37.5919525,127.0360401
스타벅스 미아,37.607581,127.029303
스타벅스 성신여대정문,37.59091,127.0188
스타벅스 종암,37.601095,127.033847
스타벅스 삼선교,37.588696,127.00732070000004
스타벅스 월곡역,37.601718,127.040446
스타벅스 고대,37.58397192,127.0297352
스타벅스 현대미아,37.60837822,127.0287483
스타벅스 성신여대,37.593135,127.018379
스타벅스 안암역,37.586319,127.030556
스타벅스 한성대입구역,37.589054,127.004839
스타벅스 고대안암병원,37.58687889805418,127.02820333331364
스타벅스 장위뉴타운,37.6179568965998,127.051535709778
스타벅스 송파나루역DT,37.510793,127.1102658
스타벅스 송파헬리오시티,37.4978563,127.1031325
스타벅스 잠실시그마타워,37.514567,127.102493
스타벅스 문정법원로R,37.487447,127.119164
스타벅스 송파개롱역,37.496956,127.13652
스타벅스 문정하비오,37.481925,127.123446
스타벅스 문정역,37.484813,127.122237
스타벅스 잠실대교남단R,37.515511,127.099006
스타벅스 송파위례,37.478264,127.144067
스타벅스 송파방이DT,37.506564,127.120495
스타벅스 올림픽평화의문,37.5156426,127.11648190000004
스타벅스 송파아이파크,37.479892,127.122379
스타벅스 송파사거리,37.5022788,127.1103904
스타벅스 석촌서호,37.5063929,127.0964684
스타벅스 문정로데오,37.491905,127.1262696
스타벅스 올림픽훼미리,37.491626,127.116308
스타벅스 올림픽공원남문,37.5133,127.123113
스타벅스 방이역,37.508666,127.126569
스타벅스 석촌호수,37.509581,127.104993
스타벅스 잠실푸르지오월드,37.517649,127.103426
스타벅스 잠실새내역,37.511679,127.081062
스타벅스 잠실역,37.515272,127.099231
스타벅스 갤러리아팰리스,37.51108365,127.0938059
스타벅스 아시아선수촌,37.51059,127.079047
스타벅스 올림픽아파트,37.515315,127.133237
스타벅스 가락본동,37.494895,127.118785
스타벅스 석촌역,37.5042626,127.10610769999994
스타벅스 가락시장역,37.494299,127.121354
스타벅스 가든파이브,37.4782316,127.1193703
스타벅스 잠실본동,37.5086445885442,127.07949103207
스타벅스 송파NC,37.4778761,127.12567478
스타벅스 송파거여역,37.4936489571568,127.143698688888
스타벅스 몽촌토성역,37.516913,127.113127
스타벅스 송파KT,37.5139991,127.1063026
스타벅스 문정법조타운 한양타워,37.4859909162854,127.117921831574
스타벅스 송파마천사거리DT,37.499829,127.147672
스타벅스 목동파리공원,37.535336,126.878852
스타벅스 등촌역,37.548884,126.86807
스타벅스 목동행복한,37.529147,126.876099
스타벅스 신정DT,37.521993,126.858865
스타벅스 목동역,37.526684,126.863986
스타벅스 목동오목로,37.525923,126.868438
스타벅스 목동8단지,37.520518,126.868841
스타벅스 오목교역,37.5235882,126.87652120000008
스타벅스 신월IC DT,37.5294984,126.831983
스타벅스 목동7단지,37.528012,126.87053
스타벅스 목동5단지,37.536706,126.88212
스타벅스 목동,37.53638383,126.8785597
스타벅스 현대목동,37.526848,126.875023
스타벅스 목동파라곤,37.52947,126.874996
스타벅스 목동SBS,37.52896162444895,126.87363009594164
스타벅스 목동트라팰리스,37.5255,126.8702
스타벅스 목동10단지,37.515425616177,126.859603067999
스타벅스 신월동DT,37.5382923530559,126.827101409243
스타벅스 타임스퀘어R,37.51755,126.90516
스타벅스 샛강역,37.5183551,126.9312716
스타벅스 영등포역,37.5169614,126.909139
스타벅스 당산대로,37.533121,126.903804
스타벅스 여의도IFC몰(L1)R,37.525127,126.925508
스타벅스 여의도KBS R,37.526596,126.918456
스타벅스 여의도화재보험,37.521345,126.926004
스타벅스 국회대로,37.53026,126.919549
스타벅스 영등포KT,37.526419,126.905314
스타벅스 여의도공원R,37.529231,126.924872
스타벅스 국회의사당역,37.527831,126.916882
스타벅스 선유도역,37.537268,126.894594
스타벅스 여의도역R,37.523328,126.923439
스타벅스 선유동이레빌딩,37.534109,126.896912
스타벅스 동여의도,37.5199494,126.9317957
스타벅스 여의도ABL타워,37.518749,126.92779
스타벅스 영등포신길,37.504566,126.910073
스타벅스 문래역,37.517446,126.895258
스타벅스 당산,37.535164,126.899942
스타벅스 여의도한양증권,37.522418,126.929093
스타벅스 여의도일신,37.528,126.920103
스타벅스 신세계타임스퀘어B2,37.517162,126.905608
스타벅스 하이테크시티,37.51467062,126.8986474
스타벅스 여의도,37.52403519,126.9245179
스타벅스 롯데캐슬여의도,37.52025214,126.9263678
스타벅스 문래동,37.519602,126.889652
스타벅스 신세계타임스퀘어1F,37.517162,126.905608
스타벅스 여의도호성,37.520176,126.929426
스타벅스 타임스퀘어B2,37.516985,126.903387
스타벅스 영등포본동,37.518713,126.909559
스타벅스 타임스퀘어2F,37.516985,126.903387
스타벅스 여의도의사당,37.530023,126.92109
스타벅스 여의도IFC(1F),37.525273,126.924668
스타벅스 여의도신한투자증권타워,37.52498,126.92414
스타벅스 선유도역 1번출구,37.538333,126.893612
스타벅스 영등포시장역,37.523475,126.904907
스타벅스 영등포구청역,37.52789,126.89608
스타벅스 서울양평역,37.523128,126.885809
스타벅스 영등포시장교차로,37.5204239,126.904446
스타벅스 더현대서울(B2)R,37.5264,126.92877
스타벅스 당산역사거리,37.533984,126.901156
스타벅스 신풍역,37.5003469620528,126.908438384002
스타벅스 불광역,37.609382,126.9303971
스타벅스 구파발사거리,37.639617,126.91881
스타벅스 연신내역사거리,37.61862,126.922062
스타벅스 연신내,37.620417,126.919913
스타벅스 구파발역,37.63446,126.918881
스타벅스 은평구청입구,37.601042,126.926789
스타벅스 은평이마트,37.60037923,126.9202735
스타벅스 구산역,37.611745,126.917678
스타벅스 수색,37.5804,126.899068
스타벅스 새절역,37.5894266730207,126.912863456524
스타벅스 더북한산,37.6554576593266,126.947556374345
스타벅스 녹번역,37.603307621312325,126.93528567756574
스타벅스 진관DT,37.6501787,126.9361968
스타벅스 연합뉴스,37.5743289,126.9804590000005
스타벅스 혜화역,37.5824779,127.002185
스타벅스 경희궁로,37.571759,126.972343
스타벅스 강북삼성병원,37.568546,126.96756
스타벅스 종로평창동,37.606149,126.967213
스타벅스 광화문우체국,37.569854,126.978083
스타벅스 종로R,37.570804,126.983494
스타벅스 독립문역,37.571432,126.961269
스타벅스 정부서울청사R,37.574411,126.973571
스타벅스 동묘앞역,37.5727,127.016072
스타벅스 종로구청,37.572662,126.981138
스타벅스 북촌로,37.579462,126.986431
스타벅스 종로수송,37.5714931,126.9807831
스타벅스 새문안로,37.5696597,126.9748903
스타벅스 안국,37.577338,126.985635
스타벅스 삼청동,37.585381,126.9817512
스타벅스 광화문D타워,37.5714,126.9788297
스타벅스 적선,37.57520431,126.9739361
스타벅스 인사,37.5721293,126.98703490000003
스타벅스 광화문,37.5712293,126.9762872
스타벅스 성대입구,37.582892,126.998392
스타벅스 스페이스본,37.57532212,126.9692494
스타벅스 주얼리시티,37.57154914,126.998705
스타벅스 종각,37.5699183,126.98452810000003
스타벅스 동숭로아트,37.582969,127.003876
스타벅스 종로관철,37.569058,126.986013
스타벅스 경복궁역,37.5771508,126.97274530000004
스타벅스 이마빌딩,37.5738637,126.97897149999994
스타벅스 마로니에공원,37.58154296,127.0023412
스타벅스 종로3가,37.5705527,126.9902055
스타벅스 대학로,37.576509,127.001449
스타벅스 경복궁사거리,37.575578,126.980581
스타벅스 종로관수,37.569385,126.988665
스타벅스 광화문교보문고,37.571017,126.977937
스타벅스 정동,37.568578,126.970067
스타벅스 종로플레이스,37.57319,126.998309
스타벅스 강북삼성병원1층,37.568546,126.96756
스타벅스 동숭길입구,37.584236,127.002014
스타벅스 서울대치과병원,37.5779,126.99965
스타벅스 서대문역,37.5667,126.96629
스타벅스 숭례문북창,37.561725,126.976838
스타벅스 을지로4가역,37.566682,126.997285
스타벅스 동대문두타,37.56892512604548,127.00878383484596
스타벅스 대한상공회의소R,37.560938,126.973702
스타벅스 국립중앙의료원,37.566516,127.0062376
스타벅스 동국대,37.561542,126.998437
스타벅스 신세계본점5F,37.560951,126.981134
스타벅스 을지로내외빌딩R,37.566479,126.983663
스타벅스 대우재단빌딩,37.556781,126.975081
스타벅스 동대문공원,37.565133,127.007191
스타벅스 을지로국제빌딩,37.566952,126.982219
스타벅스 동대입구역,37.559593,127.006142
스타벅스 신당역사거리,37.565807,127.01643
스타벅스 연세세브란스,37.557207,126.97354
스타벅스 회현역,37.5589809,126.98074670000004
스타벅스 을지로경기빌딩,37.567172,126.983156
스타벅스 을지로2가,37.566347,126.988066
스타벅스 신세계본점6F,37.560381,126.980758
스타벅스 서울중앙우체국,37.561678,126.982117
스타벅스 한국프레스센터,37.567381,126.977859
스타벅스 명동중앙로,37.5637485,126.9857723
스타벅스 약수역,37.555437,127.0107253
스타벅스 중구저동,37.5643686,126.9903382
스타벅스 명동길,37.5620695,126.9858669
스타벅스 서소문로,37.563006,126.974546
스타벅스 신당역,37.565522,127.014554
스타벅스 명동메트로,37.565118,126.983681
스타벅스 숭례문,37.55874473,126.9730952
스타벅스 순화동더샵,37.560072,126.971931
스타벅스 대한극장,37.56105065,126.9952735
스타벅스 환구단,37.564448,126.979157
스타벅스 무교동,37.56781712,126.978738
스타벅스 문화일보,37.56712291,126.9686642
스타벅스 태평로,37.56248285,126.9767928
스타벅스 퍼시픽타워,37.56132157,126.9730264
스타벅스 남산단암,37.55853622,126.9754585
스타벅스 황학캐슬,37.57124,127.022905
스타벅스 을지로삼화타워,37.566902,126.984707
스타벅스 소공로,37.5637273,126.98076809999998
스타벅스 을지로한국빌딩,37.565722,126.98329
스타벅스 시청,37.56629,126.979808
스타벅스 명동역,37.56102,126.98312
스타벅스 명동입구,37.563319,126.982242
스타벅스 충무로,37.5614959808102,126.992823097196
스타벅스 이마트타워,37.5607434636967,126.972528391958
스타벅스 무교로,37.567399,126.9789
스타벅스 청계크리스탈스퀘어,37.5679,126.98933
스타벅스 숭례문SG타워,37.5581293,126.9742637
스타벅스 세종대로,37.568678,126.976493
스타벅스 동대문디자인플라자,37.56743,127.009758
스타벅스 레스케이프호텔R,37.5598346,126.9794946
스타벅스 별다방,37.5602013,126.9829327
스타벅스 포포인츠명동,37.5657211,126.9893426
스타벅스 명동남산,37.560809,126.986397
스타벅스 명일역,37.55258,127.143799
스타벅스 강동구청DT,37.529437,127.123835
스타벅스 강동암사DT,37.555054,127.130065
스타벅스 굽은다리역,37.545403,127.143101
스타벅스 강동역,37.536047,127.133086
스타벅스 둔촌동,37.522724,127.133943
스타벅스 천호로데오,37.5378069,127.12730940000006
스타벅스 천호이마트,37.538933,127.125214
스타벅스 길동역,37.5387433,127.1399879
스타벅스 상일동,37.5507989598659,127.174104292142
스타벅스 천호역,37.53795191,127.1245793
스타벅스 명일이마트,37.553991,127.155984
스타벅스 상일동역,37.55754181615496,127.17072672474715
스타벅스 천호사거리,37.539702,127.123542
스타벅스 강일역,37.55747468801038,127.17351070838723
스타벅스 올림픽공원북2문,37.5241832,127.1286775
스타벅스 천호대로길동,37.534651,127.13721
스타벅스 신도림,37.505517,126.883953
스타벅스 구로디지털타워,37.483432,126.89648
스타벅스 오류동역,37.4962155,126.8448614
스타벅스 구로디지털로,37.485911,126.895587
스타벅스 구로에이스,37.48448329,126.8944957
스타벅스 구로하이엔드,37.481618,126.893136
스타벅스 현대디큐브2F,37.508636,126.889225
스타벅스 구로호텔,37.4831293,126.89885909999998
스타벅스 현대디큐브B2,37.508828,126.889488
스타벅스 구로고척,37.49706,126.86315
스타벅스 구로NC,37.501219,126.882798
스타벅스 구로오류DT,37.4881292318832,126.834491889841
스타벅스 구로구청,37.49395067031256,126.88676120707716
스타벅스 고척아이파크,37.49930562934076,126.8582208923581
스타벅스 답십리역,37.568466,127.051106
스타벅스 경희대삼거리,37.591531,127.052017
스타벅스 외대정문,37.5953464,127.0590302
스타벅스 신설동역,37.5767228,127.0255446
스타벅스 회기역사거리,37.590784,127.056098
스타벅스 외대,37.59575188,127.0614002
스타벅스 장한평역,37.562337,127.065511
스타벅스 경희대,37.5928812,127.05280849999995
스타벅스 경동1960,37.5796141021494,127.038684963773
스타벅스 청량리역사,37.57945,127.04785
스타벅스 서울숲역,37.542075,127.044961
스타벅스 금호역,37.5479939,127.0153343
스타벅스 뚝섬역,37.546432,127.049042
스타벅스 황학사거리,37.567644,127.023697
스타벅스 성수역,37.543193,127.056943
스타벅스 상왕십리역,37.565169,127.027907
스타벅스 왕십리역,37.5627541,127.0339072
스타벅스 한양대,37.55726984,127.0421649
스타벅스 엔터식스,37.56175811,127.0383328
스타벅스 신금호역,37.5549672,127.0201447
스타벅스 왕십리역9번출구,37.5605427226347,127.035267332652
스타벅스 성수,37.5444620830457,127.055413311106
스타벅스 옥수,37.5430298,127.0133661
스타벅스 성수낙낙,37.547326,127.066367
스타벅스 효창공원앞역,37.539305,126.96306
스타벅스 서울역서부,37.555165,126.968446
스타벅스 이태원역,37.534273,126.994789
스타벅스 한강진역R,37.537131,127.00098
스타벅스 용산역써밋R,37.527586,126.965401
스타벅스 이촌,37.518605,126.977271
스타벅스 신용산역,37.528702,126.966757
스타벅스 용산파크타워,37.523818,126.970389
스타벅스 남영동,37.542831,126.972242
스타벅스 한남동R,37.53485,127.010919
스타벅스 서울타워,37.551102,126.988317
스타벅스 서울역동자동,37.551752,126.972694
스타벅스 순천향입구,37.533394,127.00563
스타벅스 숙대,37.54460479,126.9672252
스타벅스 동빙고,37.5289857,126.991782
스타벅스 숙대입구역,37.544118,126.971891
스타벅스 용산아이파크몰,37.5288539,126.96404469999992
스타벅스 동부이촌동,37.52111,126.96905
스타벅스 숙명여대정문,37.54474797,126.96484196
스타벅스 용산해링턴스퀘어,37.5258562,126.9676442
스타벅스 경리단길,37.53854,126.98737
스타벅스 서울역사,37.55415699928705,126.97179361292847
스타벅스 용산리첸시아,37.538571,126.967409
스타벅스 포포인츠서울역,37.55126,126.97273
스타벅스 용산전자랜드,37.53286105987034,126.96100091132485
스타벅스 상봉,37.597842,127.092509
스타벅스 중랑역,37.5930326,127.07473579999998
스타벅스 중랑구청,37.60538908,127.0957558
스타벅스 사가정역,37.579594,127.087966
스타벅스 상봉역,37.59689,127.08647
스타벅스 묵동,37.615368,127.076633
스타벅스 양원역,37.6066536267232,127.106359790053
스타벅스 중화역,37.60170912407773,127.07841136432036
스타벅스 리버사이드대성리DT,37.698205,127.384954
스타벅스 가평설악IC DT,37.678841,127.485993
스타벅스 남이섬,37.806624,127.52527
스타벅스 소노캄고양,37.66285544126771,126.75051316953127
스타벅스 일산애니골DT,37.6748,126.793181
스타벅스 동국대일산병원,37.676411,126.806405
스타벅스 일산풍동DT,37.662091,126.8009
스타벅스 백석중앙로,37.6411,126.790987
스타벅스 일산식사,37.6779381,126.812161
스타벅스 풍산이마트,37.673769,126.786883
스타벅스 백석역DT,37.6439377,126.7873856
스타벅스 백석,37.643888,126.786153
스타벅스 라페스타광장,37.659671,126.770161
스타벅스 일산백마,37.6570742,126.7880695
스타벅스 웨스턴돔B,37.654744,126.77261900000008
스타벅스 마두역,37.652965,126.776768
스타벅스 일산동구청,37.65665,126.772598
스타벅스 고양대로DT,37.677601,126.7961618
스타벅스 일산하늘마을,37.6775295741821,126.78206550066666
스타벅스 과천DT,37.439309,126.99377
스타벅스 과천이마트,37.42629945,126.991852
스타벅스 과천,37.428183,126.991074
스타벅스 광명하안대로,37.4616837,126.8783697
스타벅스 철산역,37.476177,126.8676737
스타벅스 광명역,37.416562,126.88083
스타벅스 광명소하DT,37.435072,126.879143
스타벅스 광명소하,37.44866,126.883959
스타벅스 광명사거리역,37.479895,126.854325
스타벅스 철산로데오,37.4739663,126.86935070000004
스타벅스 광명하안,37.462605,126.880577
스타벅스 광명철산,37.475304,126.866126
스타벅스 광명AK,37.4186752766706,126.882647641062
스타벅스 광명롯데몰,37.42373,126.88451
스타벅스 경기광주쌍령DT,37.3987506,127.2733178
스타벅스 경기광주신현DT,37.36005,127.153125
스타벅스 경기광주송정DT,37.4162894,127.2722943
스타벅스 경기광주,37.4097851,127.26021279999996
스타벅스 경기광주초월역DT,37.3746522164064,127.298181781125
스타벅스 곤지암IC DT,37.355886,127.3251588
스타벅스 구리갈매역,37.633967,127.115944
스타벅스 구리돌다리,37.600585,127.141922
스타벅스 구리장자호수,37.587252,127.139874
스타벅스 구리인창DT,37.60568,127.13928
스타벅스 구리수택,37.588465,127.138136
스타벅스 구리토평DT,37.584632,127.147385
스타벅스 산본사거리,37.372658,126.935735
스타벅스 산본,37.36061352,126.9317436
스타벅스 산본역,37.358087,126.931956
스타벅스 산본동,37.365491,126.929426
스타벅스 금정AK,37.372279107122,126.94486272941
스타벅스 산본역서부사거리,37.3578052964351,126.93066890189
스타벅스 다산지금,37.6005424,127.174302
스타벅스 남양주연평DT,37.7113167,127.1853201
스타벅스 다산진건,37.624813,127.152582
스타벅스 도농역,37.611129,127.164199
스타벅스 남양주진접DT,37.723076,127.190357
스타벅스 리버사이드팔당DT,37.567114,127.228362
스타벅스 별내불암로,37.650317,127.112364
스타벅스 평내DT,37.6477605,127.23469380000006
스타벅스 별내,37.6479682,127.1233987
스타벅스 평내호평역,37.6540359,127.24287989999992
스타벅스 더북한강R,37.6122797,127.3415601
스타벅스 남양주화도DT,37.6389955,127.3033633
스타벅스 다산DT,37.61424,127.15537
스타벅스 남양주묵현DT,37.6631,127.30263
스타벅스 다산이마트,37.60868,127.15842
스타벅스 별내별가람역,37.668071,127.116894
스타벅스 남양주삼패,37.59205,127.19946
스타벅스 판교유스페이스,37.40127,127.107533
스타벅스 판교알파돔타워,37.3941783,127.1106448
스타벅스 판교아비뉴프랑R,37.397965,127.113162
스타벅스 야탑터미널,37.413494,127.128425
스타벅스 분당이매,37.39504,127.122363
스타벅스 분당율동공원,37.38385,127.149963
스타벅스 정자동,37.36329,127.114074
스타벅스 판교알파돔시티,37.394263,127.109227
스타벅스 서판교,37.39142336810393,127.07766773828764
스타벅스 판교브릿지타워,37.4028887,127.0992969
스타벅스 판교역로,37.39731,127.111294
스타벅스 서현,37.385855,127.125922
스타벅스 수내로,37.380601,127.116578
스타벅스 정자역,37.36682377,127.1067347
스타벅스 분당구청,37.38405,127.120257
스타벅스 뉴코아야탑,37.41041291,127.1273
스타벅스 미금역,37.350318,127.106655
스타벅스 수내,37.37948523,127.114173
스타벅스 정자상떼뷰,37.3705048,127.10557389999995
스타벅스 서현미래에셋,37.38800701,127.1232512
스타벅스 야탑글라스,37.410845,127.129806
스타벅스 정자,37.365045,127.106119
스타벅스 분당서울대병원4,37.351934,127.123312
스타벅스 분당서울대병원1,37.3504033,127.12446169999998
스타벅스 서현N타운,37.386053,127.121714
스타벅스 서현역,37.385921,127.124098
스타벅스 오리역,37.338617,127.109225
스타벅스 분당정자,37.371675,127.107214
스타벅스 수내역,37.37782763,127.1138859
스타벅스 정자아데나,37.3608179,127.10758269999997
스타벅스 분당이마트,37.35885,127.119777
스타벅스 판교H스퀘어,37.401375,127.108678
스타벅스 오리역삼거리,37.340016,127.108332
스타벅스 판교HIPEX,37.401209,127.110666
스타벅스 네이버1784,37.358774,127.105387
스타벅스 미금역2001아울렛,37.3490444,127.1074534
스타벅스 분당서현역AK R,37.384502,127.123266
스타벅스 판교역힐스테이트,37.392393,127.11084
스타벅스 수내역1번출구,37.378515,127.11579
스타벅스 HD현대R&D센터,37.37652,127.104384
스타벅스 분당궁내DT,37.370636,127.102071
스타벅스 야탑역사거리,37.4095,127.1301
스타벅스 남한산성입구역,37.4497584,127.1591956
스타벅스 단대오거리역,37.4433283,127.15457659999991
스타벅스 성남모란DT,37.42916075591734,127.13344319390396
스타벅스 수원금곡,37.27491,126.954432
스타벅스 수원세류DT,37.262923,127.011208
스타벅스 수원호매실,37.274375,126.941263
스타벅스 수원권선DT,37.246345,126.964025
스타벅스 수원권선,37.246668,127.030958
스타벅스 수원이마트,37.249907,127.021517
스타벅스 수원세류역DT,37.243791,127.017207
스타벅스 수원롯데백화점2F,37.2641779524716,126.997293771381
스타벅스 수원연무DT,37.29218,127.028729
스타벅스 북수원IC DT,37.307776,126.99833
스타벅스 수원천천,37.297286,126.982671
스타벅스 수원성균관대,37.298935,126.971577
스타벅스 수원정자사거리DT,37.2911959629684,127.004005026146
스타벅스 수원종합운동장,37.30131994,127.00879841
스타벅스 수원조원DT,37.2952372155505,127.015769907921
스타벅스 수원경수인계DT,37.270568,127.027566
스타벅스 수원KBS DT,37.271122,127.035213
스타벅스 수원인계DT,37.267938,127.027948
스타벅스 수원이비스,37.2592235,127.0313138
스타벅스 수원매산,37.26748423,127.0028636
스타벅스 동수원DT,37.2781099,127.03394960000004
스타벅스 수원인계,37.265499,127.032902
스타벅스 아주대,37.279696,127.04334
스타벅스 수원화성행궁,37.283349,127.015668
스타벅스 수원나혜석거리,37.264255680068,127.034163000188
스타벅스 수원역AK R,37.2656768667795,127.000096053009
스타벅스 시흥대야DT,37.441713,126.787757
스타벅스 배곧아브뉴프랑,37.3682,126.7294
스타벅스 시흥대야동,37.44174,126.791869
스타벅스 배곧신도시,37.36926945415259,126.73036074295077
스타벅스 시흥대야,37.443912,126.790755
스타벅스 시흥P.아울렛 3F,37.379754,126.736396
스타벅스 시흥P.아울렛 1F,37.379754,126.736396
스타벅스 시화로데오,37.3446600926957,126.73732168870396
스타벅스 시흥월곶,37.389462,126.73886
스타벅스 시흥장현,37.3782498,126.7890783
스타벅스 시흥능곡역,37.37064104024727,126.80749692444115
스타벅스 시흥목감DT,37.3779424900268,126.85013978255687
스타벅스 시흥은계,37.4375150988434,126.80163294672
스타벅스 안산고잔센트럴타워,37.318914,126.834241
스타벅스 안산상공회의소,37.318868,126.826297
스타벅스 고잔이마트,37.303177,126.812842
스타벅스 안산문화광장,37.310298,126.830517
스타벅스 안산중앙,37.318899,126.837464
스타벅스 안산중앙역,37.31723608,126.8374694
스타벅스 안산트레이더스,37.331038,126.784837
스타벅스 안성석정DT,37.010522,127.262009
스타벅스 안성공도DT,37.009411,127.200801
스타벅스 안성서동대로DT,37.0048167672848,127.182089433237
스타벅스 안성계동DT,36.98583,127.26733
스타벅스 스타필드안성R,36.994866,127.147379
스타벅스 호계지식산업센터,37.372351,126.948665
스타벅스 평촌역DT,37.396509,126.971235
스타벅스 안양범계,37.391719,126.953751
스타벅스 안양운동장사거리DT,37.40111,126.949208
스타벅스 범계역,37.389849,126.949818
스타벅스 안양호계DT,37.366561,126.956011
스타벅스 평촌호계,37.383006,126.959848
스타벅스 평촌로데오,37.3929425,126.9607148
스타벅스 평촌역사거리,37.395786,126.9645
스타벅스 안양비산DT,37.3925328,126.942869
스타벅스 평촌아크로,37.39227643,126.9565229
스타벅스 범계로데오,37.391494,126.955122
스타벅스 인덕원역,37.400269,126.976145
스타벅스 안양덕현DT,37.3713017997558,126.960219576803
스타벅스 안양이마트,37.398521,126.935224
스타벅스 안양역R,37.401964,126.922661
스타벅스 명학역,37.383837,126.935145
스타벅스 안양역,37.4002845,126.92216770000005
스타벅스 안양석수DT,37.4312614,126.9033382
스타벅스 안양일번가,37.39919046,126.9236856
스타벅스 양주옥정타운,37.81858,127.094293
스타벅스 양주송추DT,37.717529,126.973093
스타벅스 양주덕정역DT,37.8382562,127.062968
스타벅스 양주고읍DT,37.803684,127.079474
스타벅스 양주광사DT,37.790532,127.072421
스타벅스 양주고읍,37.794628,127.079196
스타벅스 양주옥정공원,37.8212389157803,127.097494414027
스타벅스 양주회정DT,37.8394993554251,127.05474819186
스타벅스 북오산IC DT,37.189945,127.05955
스타벅스 오산세교,37.176779,127.045583
스타벅스 오산갈곶DT,37.129351,127.071583
스타벅스 오산IC DT,37.1426829,127.0766272
스타벅스 오산시청,37.1486248,127.0741288
스타벅스 오산원동DT,37.1441810626901,127.073876453349
스타벅스 서동탄DT,37.1972907115869,127.06503867729
스타벅스 오산수청DT,37.16321,127.06699
스타벅스 용인세브란스병원,37.270835,127.147337
스타벅스 용인상하DT,37.259778,127.142453
스타벅스 용인언남,37.2924613,127.1219565
스타벅스 기흥역AK R,37.2746544,127.1165616
스타벅스 용인고매동,37.22317532265088,127.1141622136813
스타벅스 용인보라DT,37.255575,127.104577
스타벅스 용인동백DT,37.274595,127.141221
스타벅스 용인마북DT,37.2947324,127.11029259999998
스타벅스 용인기흥구청,37.2808075,127.1108768
스타벅스 수원IC DT,37.267257,127.074502
스타벅스 용인보정,37.320017,127.11084
스타벅스 구성트레이더스,37.305434,127.105468
스타벅스 강남대,37.2710542,127.1259993
스타벅스 용인하갈DT,37.2492977286623,127.087735450111
스타벅스 용인흥덕DT,37.2749915056802,127.071496028375
스타벅스 기흥테라타워,37.231425985432,127.071894127547
스타벅스 용인보정DT,37.3217129,127.1044776
스타벅스 한국민속촌DT,37.255933,127.116911
스타벅스 동백이마트,37.2781451,127.1514253
스타벅스 용인신갈DT,37.273062,127.110373
스타벅스 용인김량장DT,37.239832,127.2104973
스타벅스 용인에버랜드,37.294803,127.203274
스타벅스 용인시청DT,37.24029,127.170935
스타벅스 용인처인구청,37.234764,127.202928
스타벅스 용인한숲시티,37.152464,127.173575
스타벅스 용인마평DT,37.2336627,127.2168107
스타벅스 용인역북,37.232254,127.188747
스타벅스 용인모현DT,37.349187,127.249321
스타벅스 용인IC DT,37.251696,127.211943
스타벅스 의왕청계DT,37.388672,126.998446
스타벅스 의왕포일,37.396242,126.983977
스타벅스 의왕내손,37.389318,126.976944
스타벅스 의왕롯데몰,37.37585,127.00885
스타벅스 의왕삼동DT,37.316653,126.957363
스타벅스 의정부예술의전당DT,37.7329,127.03881
스타벅스 의정부신곡DT,37.726309,127.064835
스타벅스 의정부용현DT,37.7305628,127.0843037
스타벅스 의정부공원,37.740103,127.047531
스타벅스 의정부민락,37.745353,127.093792
스타벅스 의정부회룡역DT,37.722373,127.047477
스타벅스 의정부녹양DT,37.758477,127.040289
스타벅스 의정부금오,37.753183,127.070333
스타벅스 신세계의정부2F,37.737861,127.046054
스타벅스 신세계의정부6F,37.737861,127.046054
스타벅스 의정부송산역DT,37.740164230224,127.085685890206
스타벅스 의정부민락타운,37.744429,127.098713
스타벅스 의정부장암DT,37.69925,127.05465
스타벅스 의정부이마트,37.7432268,127.1025002
스타벅스 이천증포DT,37.29660399999999,127.45729200000004
스타벅스 이천사음DT,37.299106,127.407841
스타벅스 이천하이닉스,37.25251,127.489933
스타벅스 이천터미널,37.278191,127.446323
스타벅스 포천DT,37.848396,127.161705
스타벅스 광릉수목원,37.7770289771454,127.165231443452
스타벅스 포천호국로DT,37.7960476319904,127.127279909141
스타벅스 하남미사DT,37.559858,127.185729
스타벅스 하남황산사거리,37.55078301,127.18603343
스타벅스 스타필드위례1FR,37.480058,127.148381
스타벅스 미사역효성,37.567452,127.19073
스타벅스 하남덕풍,37.552085,127.209351
스타벅스 하남미사,37.569587,127.183283
스타벅스 스타필드하남1F(티바나),37.5445,127.2237
스타벅스 신세계하남2F,37.545734,127.223439
스타벅스 스타필드하남2FR,37.5453,127.2242
스타벅스 하남신장,37.5383807,127.2039864
스타벅스 하남시청,37.540532,127.216148
스타벅스 하남시청역,37.5414173926204,127.20802671231
스타벅스 하남풍산역,37.553492,127.205233
스타벅스 하남감일,37.5075,127.1547
스타벅스 미사역그랑파사쥬,37.564498502419845,127.19206701191892
스타벅스 미사역파라곤스퀘어,37.56422191816654,127.1931585512229
스타벅스 화성시청,37.201291,126.826193
스타벅스 화성봉담,37.219202,126.955485
스타벅스 화성향남,37.131572,126.922767
스타벅스 동탄카림R,37.19972,127.1135
스타벅스 동탄능동DT,37.211975,127.053618
스타벅스 동탄역,37.197988,127.098448
스타벅스 화성병점DT,37.21261,127.038187
스타벅스 동탄영천,37.20663,127.111333
스타벅스 신영통DT,37.2343091,127.06300199999998
스타벅스 동탄센트럴파크,37.2082443,127.0638898
스타벅스 동탄,37.201584,127.073193
스타벅스 동탄광장,37.204774,127.071884
스타벅스 동탄이마트,37.214754,127.079887
스타벅스 동탄라크몽,37.167228342028984,127.10512701402484
스타벅스 화성남양DT,37.2069639382399,126.819198917853
스타벅스 화성봉담DT,37.22841,126.971844
스타벅스 동탄목동,37.1825,127.12466
스타벅스 화성반월DT,37.220205,127.057905
스타벅스 동탄여울공원,37.20125564665495,127.08991959567788
스타벅스 동탄트레이더스,37.19395088402858,127.09779795288937
스타벅스 동탄신리천공원,37.1838791,127.1073533
스타벅스 화성향남DT,37.1321648581007,126.910301095094
스타벅스 송산그린시티,37.283841,126.817645
스타벅스 동탄타임테라스,37.204873813031845,127.06912066667417
스타벅스 동탄IX타워,37.211299,127.089725
스타벅스 동탄역롯데R,37.199992,127.097028
스타벅스 화성안녕DT,37.2026342484652,127.012915698922
스타벅스 동탄디엠시티,37.20969,127.09927
스타벅스 화성향남2지구,37.1163585032065,126.91078567528947
스타벅스 화성향남발안DT,37.1334903068842,126.941212522437
스타벅스 동탄호수공원,37.1721616,127.1061181
스타벅스 삼송역,37.652382,126.896055
스타벅스 원흥역,37.649538,126.876107
스타벅스 스타필드고양3F,37.647216,126.895577
스타벅스 스타필드고양1FR,37.64697,126.895523
스타벅스 고양삼송,37.663813,126.891317
스타벅스 고양DT,37.7095394,126.9052947
스타벅스 행신역,37.613996,126.834455
스타벅스 원당DT,37.658155,126.837639
스타벅스 화정,37.63353224,126.8314538
스타벅스 화정역,37.6335731,126.83273269999997
스타벅스 고양덕은,37.5794528561065,126.870613359914
스타벅스 고양행신,37.623815,126.834306
스타벅스 고양원흥DT,37.636819,126.869261
스타벅스 고양향동,37.598934,126.8924129
스타벅스 지축역,37.649902287279666,126.91431004232292
스타벅스 화정호국로,37.641763,126.829844
스타벅스 신흥역,37.440935,127.146642
스타벅스 성남위례,37.473131,127.141067
스타벅스 성남이마트,37.4442471,127.14145710000003
스타벅스 성남태평,37.442561275669,127.136588869764
스타벅스 판교아이스퀘어,37.4134038262846,127.098334109561
스타벅스 성남모란삼성프라자,37.43401,127.12782
스타벅스 남위례역,37.46403,127.14108
스타벅스 여주DT,37.265915,127.638676
스타벅스 여주P.아울렛입구,37.240607,127.612308
스타벅스 여주P.아울렛,37.24272107,127.6126336
스타벅스 여주남한강DT,37.3004139931102,127.648161642318
스타벅스 여주자유CC,37.2089834,127.5702741
스타벅스 평택비전,36.998684,127.114062
스타벅스 평택서정DT,37.066066,127.063519
스타벅스 평택안중DT,36.990698,126.913407
스타벅스 평택로데오,36.9918478,127.08850410000002
스타벅스 평택AK플라자,36.99159,127.08524
스타벅스 평택송탄,37.066397,127.062939
스타벅스 평택독곡DT,37.0868,127.063
스타벅스 평택이충DT,37.0519107964149,127.077113240433
스타벅스 평택죽백DT,37.0144149,127.1139504
스타벅스 평택청북DT,37.0201732740776,126.915001051696
스타벅스 평택대DT,36.9933627,127.1346334
스타벅스 평택고덕,37.0402567,127.0510812
스타벅스 평택이마트,37.0211176055853,127.07553918798
스타벅스 평택세교DT,37.007346270548,127.078787129681
스타벅스 평택비전DT,37.011253841642144,127.10463089994096
스타벅스 주엽강선,37.6664601,126.7662096
스타벅스 일산가로수길R,37.66544439999999,126.75746860000004
스타벅스 일산가구단지,37.699706,126.75709
스타벅스 일산덕이DT,37.69192,126.756991
스타벅스 일산후곡,37.6773867,126.7675699
스타벅스 더타운몰킨텍스,37.662238,126.743981
스타벅스 일산탄현제니스,37.695265,126.762135
스타벅스 대화역,37.6753761,126.7481894
스타벅스 일산주엽,37.669903,126.762657
스타벅스 현대킨텍스,37.668128,126.751207
스타벅스 문촌사거리,37.67264830472536,126.75661266760484
스타벅스 일산탄현동,37.6951672,126.7644783
스타벅스 풍무역DT,37.610561,126.737493
스타벅스 풍무사거리DT,37.607891,126.723023
스타벅스 김포아이앤씨,37.638769,126.680464
스타벅스 김포구래,37.645803,126.629073
스타벅스 김포장기커낼,37.640452,126.677493
스타벅스 김포감정DT,37.624786,126.696429
스타벅스 김포운양,37.6543091,126.6841727
스타벅스 김포이마트,37.6443438,126.628299
스타벅스 김포풍무DT,37.600112,126.720441
스타벅스 김포시청,37.618396,126.717912
스타벅스 김포장기,37.644239,126.667908
스타벅스 김포통진DT,37.68279422961741,126.61909759569548
스타벅스 김포현대아울렛3층,37.5993831717372,126.785569327814
스타벅스 김포구래DT,37.635053,126.627304
스타벅스 김포석모DT,37.651307,126.650071
스타벅스 김포걸포,37.631846,126.702037
스타벅스 김포마산역,37.637677,126.644226
스타벅스 김포한강로DT,37.6509087656111,126.65468129091
스타벅스 부천상동역,37.50621,126.75427
스타벅스 스타필드부천,37.461754,126.81328
스타벅스 부천옥길,37.467726,126.823388
스타벅스 부천심곡DT,37.492932,126.78441
스타벅스 뉴코아부천4층,37.504279,126.756992
스타벅스 중동이마트,37.504022,126.763939
스타벅스 부천중동DT,37.4963743,126.76420000000007
스타벅스 부천신중동역,37.5037646,126.7741439
스타벅스 역곡역DT,37.4835239,126.8093104
스타벅스 부천중동,37.497976,126.77702
스타벅스 부천시청역,37.505534,126.762448
스타벅스 현대중동,37.50428252,126.7621682
스타벅스 부천플레이도시,37.49991091,126.7449246
스타벅스 송내역,37.488389,126.752604
스타벅스 부천,37.485054,126.782117
스타벅스 부천상동,37.5051779,126.75242359999991
스타벅스 중동디지털프라자,37.5031811685761,126.770616064676
스타벅스 부천역,37.48404,126.78265
스타벅스 부천옥길DT,37.4720219,126.8160956
스타벅스 부천상동DT,37.5156818312932,126.758575497719
스타벅스 부천원종DT,37.5297339526141,126.80545118712156
스타벅스 부천중동센트럴,37.501698,126.768647
스타벅스 춘의역DT,37.50308,126.78546
스타벅스 신중동,37.5003106,126.7764634
스타벅스 소사역,37.48165,126.79493
스타벅스 광교갤러리아9F,37.2850653,127.057266
스타벅스 수원법조타운,37.29184,127.067164
스타벅스 광교역,37.300082,127.04362
스타벅스 광교엘포트R,37.2869954,127.05778150000005
스타벅스 영통R,37.2453658,127.0618147
스타벅스 수원망포DT,37.24582770000001,127.05133999999998
스타벅스 수원광교,37.290374,127.049582
스타벅스 수원트레이더스,37.24626,127.047864
스타벅스 경희대국제캠퍼스,37.247951,127.076749
스타벅스 수원망포역,37.245241,127.055904
스타벅스 광교이마트,37.2962004,127.0465643
스타벅스 수원영통,37.255675,127.074321
스타벅스 광교갤러리아6F,37.28539753464783,127.05721832132484
스타벅스 광교더샵레이크시티,37.270796,127.060012
스타벅스 수원청명,37.2546045588473,127.078292140309
스타벅스 광교SK뷰레이크41F,37.2874281438385,127.060247864918
스타벅스 안산한양대,37.300847,126.838212
스타벅스 안산한대앞역,37.308754,126.851175
스타벅스 안산삼성프라자,37.3061739541437,126.847872383514
스타벅스 경기양평,37.49134,127.499932
스타벅스 더양평DTR,37.4973977,127.4817302
스타벅스 용인죽전역R,37.3313521,127.1091828
스타벅스 죽전단국대,37.3244016,127.1249428
스타벅스 수지동천,37.335988,127.09101
스타벅스 죽전,37.331506,127.12479
스타벅스 수지성복DT,37.314048,127.079162
스타벅스 광교중앙로,37.29882,127.06947
스타벅스 죽전이마트,37.3253735,127.1099255
스타벅스 신세계경기,37.32500393,127.1081332
스타벅스 수지이마트,37.31965,127.083677
스타벅스 수지풍덕천,37.322169,127.0952655
스타벅스 수지구청역,37.3229644,127.0948689
스타벅스 수지성복역,37.3127961,127.0802009
스타벅스 파주P.아울렛1F,37.769258,126.6947
스타벅스 파주야당역,37.712142,126.759475
스타벅스 파주금촌역,37.764081,126.774205
스타벅스 파주금릉역,37.752207,126.765613
스타벅스 파주운정,37.71203,126.744499
스타벅스 파주P.아울렛3F,37.768974,126.69632
스타벅스 파주문산DT,37.8464380469309,126.789040084356
스타벅스 파주가람,37.735972140257,126.759841042896
스타벅스 파주산내,37.728707,126.735514
스타벅스 파주야당DT,37.70346,126.75964
스타벅스 파주운정이마트,37.710647,126.74545
스타벅스 지행역,37.892653,127.053463
스타벅스 동두천DT,37.888925,127.057066
스타벅스 동두천송내DT,37.8808619577964,127.05562688384
스타벅스 광주운남DT,35.175136,126.818062
스타벅스 광주선운DT,35.146768,126.77772
스타벅스 광주산정DT,35.173524,126.804191
스타벅스 광주흑석DT,35.176936,126.807887
스타벅스 광주송정역,35.138026,126.791444
스타벅스 광주수완DT,35.203175,126.819065
스타벅스 광주신가DT,35.1790467,126.8301259
스타벅스 광주쌍암,35.2192427,126.84242110000002
스타벅스 광주장덕,35.191469,126.819259
스타벅스 광주하남,35.162722,126.810218
스타벅스 광주첨단,35.214806,126.843227
스타벅스 광산수완,35.190397,126.824804
스타벅스 광주신창강변DT,35.188844789779,126.857649994301
스타벅스 광주첨단DT,35.2062384857051,126.847734037212
스타벅스 광주비아DT,35.2232057,126.8348789
스타벅스 광주송정로,35.137191435617,126.791658278605
스타벅스 광주월산DT,35.145516,126.890794
스타벅스 광주주월DT,35.1341387,126.8981372
스타벅스 광주효천DT,35.100033,126.871253
스타벅스 광주봉선로,35.124262,126.907898
스타벅스 광주서문대로,35.119448,126.898595
스타벅스 광주방림DT,35.13498,126.917698
스타벅스 광주봉선중앙,35.1254197,126.9112507
스타벅스 광주진월,35.125781,126.897221
스타벅스 광주봉선,35.122921,126.914111
스타벅스 봉선이마트,35.122407,126.916859
스타벅스 광주지산DT,35.149728,126.92907
스타벅스 광주동명,35.150362,126.9236181
스타벅스 광주지원DT,35.1175025,126.9340006
스타벅스 광주지산유원지입구,35.154459,126.940912
스타벅스 광주황금,35.1473572,126.9145683
스타벅스 충장서림,35.14808817,126.9173077
스타벅스 충장일가,35.146797,126.918252
스타벅스 조선대,35.144608,126.930183
스타벅스 광주충장DT,35.144342,126.9149709
스타벅스 광주오치,35.187452736868266,126.89890250470113
스타벅스 광주연제DT,35.197688,126.866803
스타벅스 광주신안DT,35.171678,126.894998
스타벅스 광주매곡DT,35.189836,126.898698
스타벅스 광주두암타운,35.162112,126.937388
스타벅스 광주일곡,35.205463,126.898114
스타벅스 광주북구청,35.17483,126.914469
스타벅스 광주첨단신용,35.20701,126.864115
스타벅스 광주용두DT,35.212837,126.868485
스타벅스 전남대,35.17719867,126.9124787
스타벅스 광주용봉,35.178664,126.895196
스타벅스 광주각화DT,35.1886443441194,126.93359912845
스타벅스 동광주DT,35.175874,126.927584
스타벅스 광주신세계DT,35.1563,126.8831
스타벅스 광주상무DT,35.1502,126.855
스타벅스 광주화정DT,35.152205,126.879997
스타벅스 광주상무중앙로,35.151021,126.848815
스타벅스 광주상무시민로,35.154963,126.854437
스타벅스 광주풍암,35.1268447,126.8796486
스타벅스 광주금호DT,35.1421126,126.85766460000002
스타벅스 광주상무대교,35.1551,126.848788
스타벅스 광주동림,35.171734,126.86618
스타벅스 신세계광주,35.160794,126.882542
스타벅스 광주상무,35.1536205,126.84795429999996
스타벅스 상무치평,35.151968,126.853423
스타벅스 상무역,35.147468,126.847989
스타벅스 신세계광주신관B1,35.158806,126.882069
스타벅스 광주풍암호수공원,35.1252752078873,126.869198235695
스타벅스 서광주DT,35.129468,126.847401
스타벅스 대구영대병원역DT,35.845522,128.593536
스타벅스 대구앞산DT,35.835516,128.579871
스타벅스 영남대학교의료원영의관,35.846062,128.585107
스타벅스 대구가톨릭대학교병원,35.84339006877753,128.56742153199514
스타벅스 영남대학교의료원,35.847379,128.585436
스타벅스 대구앞산스카이타운,35.8323609810316,128.566888601875
스타벅스 계명대동산병원,35.853811,128.480276
스타벅스 대구죽전역,35.848437,128.536007
스타벅스 대구월곡DT,35.814866,128.541057
스타벅스 대구광장,35.85577,128.552811
스타벅스 대구월촌역,35.824025,128.545226
스타벅스 대구진천역,35.814395,128.524377
스타벅스 대구도원DT,35.807727,128.548117
스타벅스 대구월성,35.82432,128.525727
스타벅스 대구수목원,35.807236,128.520112
스타벅스 대구성서IC DT,35.8507998,128.52026039999998
스타벅스 대구감삼DT,35.8443842,128.5366553
스타벅스 대구상인역,35.8182768,128.53656920000003
스타벅스 대구두류DT,35.858804,128.561685
스타벅스 대구상인DT,35.822408,128.533771
스타벅스 대구계명대,35.85567272,128.4937254
스타벅스 대구성서,35.855292,128.510127
스타벅스 대구서부정류장역,35.837881,128.556926
스타벅스 대구이월드,35.8540248,128.5634167
스타벅스 대구대천,35.817117,128.517938
스타벅스 신세계대구3F(티바나),35.877767,128.628498
스타벅스 신세계대구8FR,35.877812,128.628453
스타벅스 동대구로DT,35.8680868,128.62715890000004
스타벅스 대구팔공산,35.9878685,128.636347
스타벅스 대구봉무,35.921942,128.639708
스타벅스 동대구터미널,35.876315,128.62859
스타벅스 대구동촌유원지,35.88011,128.653159
스타벅스 반야월이마트,35.870899,128.727397
스타벅스 대구팔공로DT,35.9284602,128.6418299
스타벅스 대구율하,35.8635367,128.6939265
스타벅스 대구각산역DT,35.868908,128.7261214
스타벅스 대구파티마병원,35.8842695736665,128.624344515223
스타벅스 대구평리DT,35.866138,128.555343
스타벅스 대구수성도서관DT,35.873059,128.638985
스타벅스 대구그랜드호텔R,35.857871,128.625094
스타벅스 국립대구박물관DT,35.845491,128.639059
스타벅스 대구수성호수R,35.826126,128.615912
스타벅스 대구수성동,35.853776,128.620304
스타벅스 대구수성네거리DT,35.86058,128.617977
스타벅스 대구중동DT,35.847384,128.612529
스타벅스 대구중동네거리DT,35.840917,128.613963
스타벅스 대구상동DT,35.8296424,128.6116932
스타벅스 대구황금DT,35.839069,128.625797
스타벅스 대구삼성화재,35.8661924,128.62626260000002
스타벅스 대구시지,35.8394934,128.7080427
스타벅스 대구만촌DT,35.856431,128.6502
스타벅스 대구수성하이츠,35.8609096,128.61352710000003
스타벅스 동아수성,35.82124651,128.6406389
스타벅스 수성레이크,35.825764,128.621814
스타벅스 대구범어제니스,35.859274,128.629687
스타벅스 대구두산DT,35.82728289340839,128.62584861733438
스타벅스 대구들안길DT,35.837524,128.61636
스타벅스 대구만촌이마트,35.8711227,128.6372145
스타벅스 대구시티센터,35.870954,128.598092
스타벅스 대구계산,35.866429,128.589696
스타벅스 대구중앙로역,35.870674,128.594374
스타벅스 대구공평DT,35.8691866,128.6006466
스타벅스 반월당,35.86616318,128.5918695
스타벅스 동성로광장,35.867319,128.594217
스타벅스 동성로로데오,35.86723,128.597862
스타벅스 대구종로고택,35.8684287,128.5924722
스타벅스 대구반월삼성,35.86657,128.59281
스타벅스 대구228중앙공원,35.8701932,128.5969103
스타벅스 대구칠성DT,35.879674,128.596391
스타벅스 대구유통단지,35.905624,128.613347
스타벅스 대구칠곡대로DT,35.926583,128.547736
스타벅스 대구동천,35.9425387,128.5604376
스타벅스 대구침산DT,35.8874784,128.59183759999996
스타벅스 대구칠곡,35.9421792,128.5638788
스타벅스 경북대,35.89232,128.608586
스타벅스 대구도남,35.9529187724058,128.583384789643
스타벅스 대구복현DT,35.8967637,128.6146417
스타벅스 대구칠곡읍내DT,35.9518399,128.5531285
스타벅스 대구칠성이마트,35.8850726575735,128.589754735838
스타벅스 대구금호,35.8960395452115,128.514565076134
스타벅스 대구테크노폴리스,35.693334,128.459251
스타벅스 대구죽곡,35.859055,128.464166
스타벅스 대구현풍DT,35.691195,128.444588
스타벅스 대전한남대DT,36.35849,127.42331
스타벅스 대전IC DT,36.354628,127.444318
스타벅스 대전신탄진DT,36.44866030000001,127.41998309999995
스타벅스 대전송촌,36.366313,127.437812
스타벅스 신탄진금강DT,36.454619,127.42882
스타벅스 대전터미널DT,36.347995,127.434241
스타벅스 대전판암DT,36.317013,127.453623
스타벅스 대전스타일마켓,36.3502842,127.4366222
스타벅스 대전가오,36.3070199,127.4561304
스타벅스 대전신흥역DT,36.3189576,127.4511473
스타벅스 대전용운,36.3289964,127.4671156
스타벅스 대전용전DT,36.357196,127.435505
스타벅스 대전정부청사역,36.35841,127.382495
스타벅스 대전건양대병원,36.30728,127.340876
스타벅스 대전탄방역,36.343242,127.385313
스타벅스 대전복수,36.298345,127.37824
스타벅스 대전둔산남로,36.348893,127.388665
스타벅스 대전둔산로,36.354233,127.377273
스타벅스 대전법원,36.353315,127.387437
스타벅스 대전가수원DT,36.303755,127.348941
스타벅스 대전수침교DT,36.3349683,127.39672889999996
스타벅스 대전관저,36.2986969,127.337762
스타벅스 대전대덕로,36.353466,127.380591
스타벅스 대전목원대,36.3318521,127.33854
스타벅스 대전둔산,36.3502188,127.3772612
스타벅스 대전만년,36.367606,127.382002
스타벅스 대전시청사거리,36.348036,127.383509
스타벅스 대전월평,36.361008,127.377288
스타벅스 둔산은하수,36.3529477,127.3777879
스타벅스 대전탄방,36.3463971,127.38788750000003
스타벅스 대전시청역,36.35098154,127.3895116
스타벅스 대전호텔,36.358982,127.387649
스타벅스 월평트레이더스,36.3576398,127.36299469999994
스타벅스 둔산대덕대로,36.3506362965576,127.37852106446
스타벅스 둔산삼성프라자,36.3554336798685,127.379975361484
스타벅스 대전갈마DT,36.351481343331905,127.37049050661209
스타벅스 대전용문DT,36.3350093,127.3897099
스타벅스 대전반석역,36.391646,127.31422
스타벅스 대전도안DT,36.351462,127.339981
스타벅스 대전장대,36.361969,127.336261
스타벅스 대전유성구청,36.362206,127.357705
스타벅스 대전지족,36.38720540000001,127.3175549
스타벅스 대전유성,36.3545222,127.3395544
스타벅스 대전전민,36.39943969999999,127.40052530000003
스타벅스 대전관평동,36.4255141,127.39263
스타벅스 대전조이마루,36.3763115,127.3904691
스타벅스 대전노은,36.373444,127.319446
스타벅스 충남대정문,36.36066,127.34464
스타벅스 대전테크노밸리,36.424826,127.389441
스타벅스 대전문지,36.3924494586684,127.405523409052
스타벅스 신세계대전R,36.37514,127.38161
스타벅스 대전현대아울렛,36.424,127.398625
스타벅스 대전유성NC,36.3535775,127.343794
스타벅스 대전구암DT,36.34902,127.33263
스타벅스 신세계대전B1,36.37514,127.38161
스타벅스 대전엑스포스카이,36.37514,127.38161
스타벅스 대전대사DT,36.318823,127.417463
스타벅스 대전태평,36.323298,127.393417
스타벅스 대전유천DT,36.3182966,127.3982383
스타벅스 대전중앙로R,36.327962,127.426603
스타벅스 대전세이1층,36.320476,127.40852
스타벅스 은행동,36.32907873,127.4276569
스타벅스 대전목동DT,36.3328668212906,127.410960847549
스타벅스 금정남산동DT,35.262466,129.091353
스타벅스 금정구청DT,35.238784,129.092964
스타벅스 온천장역DT,35.224006,129.08656
스타벅스 부산대정문,35.232107,129.084565
스타벅스 부산대역,35.230722,129.088165
스타벅스 금정이마트,35.250184,129.090774
스타벅스 금정구서,35.24699,129.0887563
스타벅스 부산서동,35.21468792992495,129.10563510007157
스타벅스 용호동W스퀘어,35.13388964658187,129.11281307495818
스타벅스 동명대DT,35.12311959047579,129.09901642703608
스타벅스 BIFC Mall,35.146436,129.065882
스타벅스 부산대연역,35.135032,129.093041
스타벅스 경성대,35.137345553736964,129.10063775537583
스타벅스 부산대연못골,35.1360684,129.0919586
스타벅스 부산역라마다,35.11445,129.040309
스타벅스 부산역아스티,35.116741,129.042101
스타벅스 부산역,35.11631935,129.0407837
스타벅스 범일동일타워,35.138915,129.063487
스타벅스 서면중앙대로R,35.1530083,129.0596228
스타벅스 서면로R,35.155255,129.057651
스타벅스 서면NC,35.157036,129.063029
스타벅스 양정역,35.1700743,129.06926269999997
스타벅스 동의대역,35.155057,129.036202
스타벅스 부산개금역,35.152899,129.0226067
스타벅스 서면전포역,35.154345,129.063631
스타벅스 부산서면중앙로,35.155521,129.058883
스타벅스 서면서전로,35.157995,129.061744
스타벅스 부산서면,35.154098,129.061562
스타벅스 서면역,35.1579735,129.05999229999998
스타벅스 부전역,35.16183,129.061933
스타벅스 서면센트럴스퀘어,35.15151,129.061139
스타벅스 서면메디컬거리,35.157961,129.05740949999995
스타벅스 서면중앙,35.156863,129.058076
스타벅스 서면트레이더스,35.163918,129.052684
스타벅스 초읍대공원,35.1828193069829,129.04748360769
스타벅스 서면엠디엠타워,35.150017,129.058489
스타벅스 서면문화로,35.159056,129.057527
스타벅스 부산덕천역,35.210787,129.008358
스타벅스 부산화명역,35.233829,129.013106
스타벅스 화명강변DT,35.216972,129.004611
스타벅스 부산구남역DT,35.1982412867577,128.996280148597
스타벅스 부산만덕DT,35.213166,129.039764
스타벅스 사상주례DT,35.154847,128.996302
스타벅스 동서대DT,35.150863,129.010026
스타벅스 사상역,35.164003,128.983473
스타벅스 부산사상로,35.1629709567761,128.984586499721
스타벅스 삼락강변DT,35.17654467870461,128.9766669978161
스타벅스 사상엄궁DT,35.127533,128.969588
스타벅스 사상이마트,35.1642292,128.9789053
스타벅스 다대포비치,35.049404,128.963569
스타벅스 부산하단,35.1053448,128.9688718
스타벅스 다대포DT,35.060973,128.975257
스타벅스 을숙도강변DT,35.11526,128.959578
스타벅스 부산괴정역,35.098451,128.994352
스타벅스 하단중앙,35.106522,128.966103
스타벅스 사하장림DT,35.0849337,128.9802207
스타벅스 부산교대역DT,35.1990004,129.0789319
스타벅스 연산시티타워,35.188225,129.080949
스타벅스 부산연산역,35.1869475,129.0833335
스타벅스 연산중앙로,35.185469,129.08067
스타벅스 부산교대,35.195708,129.077505
스타벅스 연산트레이더스,35.1854506,129.1121467
스타벅스 부산시청,35.18159,129.07841
스타벅스 연제이마트,35.1758702930247,129.081266439005
스타벅스 영도청학DT,35.093885,129.065171
스타벅스 영도대교,35.094678,129.037184
스타벅스 부산광복로R,35.100123,129.031422
스타벅스 자갈치역,35.098378,129.029716
스타벅스 국제시장,35.102783,129.028601
스타벅스 부산중앙역,35.1050552,129.0359604
스타벅스 BIFF광장,35.0989623,129.02805280000007
스타벅스 남포동역,35.098311,129.035151
스타벅스 기장역DT,35.2421513,129.220117
스타벅스 동부산DT,35.184073,129.210875
스타벅스 부산정관,35.321336,129.176983
스타벅스 부산P.아울렛,35.325248,129.236612
스타벅스 기장일광DT,35.257217098796914,129.22543787231402
스타벅스 동부산테마파크,35.19392038207416,129.21399989693612
스타벅스 정관신도시DT,35.334546,129.170746
스타벅스 광안수변공원,35.153325135368405,129.12454026368187
스타벅스 수영역,35.16573717329124,129.1145750821663
스타벅스 금련산역,35.14717,129.1105
스타벅스 광안비치,35.15317424344426,129.1178487484164
스타벅스 수영망미DT,35.177411,129.107428
스타벅스 광안리,35.15502782,129.1208407
스타벅스 남천,35.14830649,129.1141711
스타벅스 남천더샵,35.141257063803636,129.106706345427
스타벅스 밀락더마켓,35.15400258151108,129.12727354079507
스타벅스 스타필드명지,35.0934683,128.9174322
스타벅스 명지강변DT,35.1026237,128.9294804
스타벅스 명지국제신도시,35.0979416,128.919918
스타벅스 명지오션시티,35.084043,128.903135
스타벅스 명지퍼스트월드,35.097486176649014,128.90749034450783
스타벅스 동래역,35.20564,129.080038
스타벅스 명륜역,35.212443,129.078378
스타벅스 사직구장,35.195954,129.061289
스타벅스 부산안락DT,35.1958595,129.10695409999994
스타벅스 동래미남DT,35.2072439,129.0719664
스타벅스 부산사직,35.198093,129.060473
스타벅스 부산온천장역,35.221082,129.085506
스타벅스 부산동래,35.203031,129.080982
스타벅스 동래허심청,35.22085136198146,129.08274705537875
스타벅스 부산송도해수욕장,35.077315,129.017874
스타벅스 부민사거리,35.103629,129.02022
스타벅스 부산동대신역,35.112688,129.016686
스타벅스 동아대병원,35.1195185,129.0172766
스타벅스 해운대R,35.158371,129.153065
스타벅스 수영강변DT,35.203889,129.119336
스타벅스 센텀파크,35.178759,129.122541
스타벅스 해운대역,35.163246,129.159547
스타벅스 부산재송DT,35.181271,129.12405
스타벅스 해운대,35.159965,129.162124
스타벅스 센텀로,35.1678356,129.13153920000002
스타벅스 센텀신세계B1,35.1687027,129.1297466
스타벅스 해운대달맞이DT,35.1615043,129.1710436
스타벅스 센텀그린타워,35.174668,129.126697
스타벅스 부산송정비치,35.1807279,129.2022769
스타벅스 장산역,35.16914054,129.1766584
스타벅스 하버타운,35.15967926,129.1595078
스타벅스 벡스코,35.16884711,129.1354444
스타벅스 베네시티,35.1582971,129.1501316
스타벅스 팔레드시즈,35.1601225,129.1665774
스타벅스 블루스퀘어,35.17229566,129.1755924
스타벅스 센텀시티역,35.169925,129.132271
스타벅스 제니스스퀘어,35.156657,129.144091
스타벅스 마린시티아이파크,35.1569194,129.1434995
스타벅스 해운대달맞이,35.157925,129.182307
스타벅스 해운대이마트,35.166029,129.167397
스타벅스 센텀드림월드,35.167027,129.132829
스타벅스 센텀KNN,35.171765,129.128934
스타벅스 월드마크센텀,35.17137,129.131112
스타벅스 해운대NC,35.1705843,129.1770927
스타벅스 해운대좌동,35.1775937,129.1755895
스타벅스 해운대 엑스더스카이,35.1599648,129.1697564
스타벅스 부산성모안과병원,35.167491,129.1407913
스타벅스 센텀신세계3F,35.16906348,129.12906568
스타벅스 해운대중동역,35.1671846,129.1678855
스타벅스 센텀몰1F,35.16981023,129.12778297
스타벅스 그랜드조선 부산,35.1600338,129.1630512
스타벅스 울산번영로,35.537113,129.327221
스타벅스 울산대공원,35.53233,129.293827
스타벅스 울산도산사거리DT,35.531028,129.32974
스타벅스 울산시청사거리DT,35.537195,129.313617
스타벅스 울산남구청DT,35.5441545,129.32459960000006
스타벅스 울산중리사거리DT,35.543928,129.338651
스타벅스 울산센트럴,35.538827,129.332793
스타벅스 울산삼산로,35.5384838,129.3373025
스타벅스 울산대,35.542467,129.260197
스타벅스 울산디자인거리,35.540501,129.33876
스타벅스 울산신복,35.547956,129.26287
스타벅스 울산태화강역DT,35.540197600155174,129.3486954600125
스타벅스 울산번영로DT,35.5353216,129.3297364
스타벅스 울산삼성프라자,35.5343805,129.3170556
스타벅스 울산신정DT,35.5336116,129.3011209
스타벅스 울산호계DT,35.6379527,129.3452991
스타벅스 울산북구청DT,35.583521,129.358882
스타벅스 울산진장,35.562433,129.356469
스타벅스 울산정자비치DT,35.628685,129.440824
스타벅스 울산화봉,35.588615,129.367334
스타벅스 북울산삼성프라자,35.576876,129.356239
스타벅스 울산 KTX,35.547868,129.141895
스타벅스 울산MBC DT,35.561657,129.332358
스타벅스 울산성안,35.577829,129.324413
스타벅스 울산성남삼거리,35.553215,129.320479
스타벅스 울산병영,35.568536,129.345381
스타벅스 울산약사DT,35.573151,129.337371
스타벅스 울산국가정원,35.5501032,129.2973993
스타벅스 현대동구,35.52114999,129.4317341
스타벅스 울산일산비치DT,35.4988643178881,129.430994177348
스타벅스 울산대학교병원,35.521006,129.428655
스타벅스 울산주전비치,35.5654435,129.4548214
스타벅스 인천강화DT,37.7426,126.4916
스타벅스 경인교대입구역DT,37.5355197,126.722153
스타벅스 인천계양,37.5398491,126.7350019
스타벅스 인천작전,37.527064,126.721981
스타벅스 인천계산역DT,37.543529,126.729828
스타벅스 계양BMW,37.5322648,126.7564676
스타벅스 계양구청,37.53877265879993,126.73864214746676
스타벅스 인천학익DT,37.4403818,126.6627574
스타벅스 인천용현DT,37.4523373,126.6325809
스타벅스 주안역,37.463837,126.68074
스타벅스 인하대,37.451827,126.654969
스타벅스 시민공원역,37.4580534,126.6810067
스타벅스 인천관교DT,37.4418295,126.6931839
스타벅스 제물포역DT,37.466522,126.654075
스타벅스 인천주안DT,37.4513564,126.6858992
스타벅스 인천도화DT,37.47055,126.66703
스타벅스 인하대역,37.447795,126.649875
스타벅스 SSG랜더스필드2F,37.436624,126.692362
스타벅스 SSG랜더스필드1F,37.436624,126.692362
스타벅스 인천용일사거리DT,37.4536849988819,126.668272868558
스타벅스 송림트레이더스,37.48307,126.66043
스타벅스 인천갈산DT,37.5189106,126.7321159
스타벅스 인천삼산,37.507296,126.734181
스타벅스 부평사거리,37.493886,126.721952
스타벅스 부평시장역,37.496786,126.72307
스타벅스 부평,37.49158659,126.7244861
스타벅스 부평역,37.491434,126.722134
스타벅스 인천테크노밸리,37.51499031498426,126.72650053682771
스타벅스 인천성모병원,37.4851159,126.7258465
스타벅스 인천스퀘어원,37.40590327607463,126.68250913502574
스타벅스 인천동춘DT,37.41243,126.664447
스타벅스 인천송도,37.39658518373723,126.65155383174638
스타벅스 송도트리플R,37.38058951045192,126.65916738736571
스타벅스 인천송도DT,37.384821,126.644284
스타벅스 인천연수,37.415072,126.677781
스타벅스 송도캠퍼스타운역,37.38742756192408,126.66364758106693
스타벅스 송도커넬워크,37.39890248614758,126.63640390431156
스타벅스 송도센트럴파크,37.394656280123954,126.6415147616451
스타벅스 연수이마트,37.404386,126.681528
스타벅스 삼성바이오로직스,37.3667885340256,126.659311669364
스타벅스 쉐라톤그랜드인천,37.3902050159621,126.645501281493
스타벅스 송도호반써밋,37.41530978018991,126.62409651870595
스타벅스 인천옥련DT,37.4213053772688,126.64516866057
스타벅스 송도캐슬파크,37.38454814870652,126.6411987375948
스타벅스 송도현대아울렛,37.381314,126.657929
스타벅스 송도컨벤시아대로DT,37.3824512554796,126.636816667557
스타벅스 검단사거리역,37.6025256,126.6574188
스타벅스 인천청라센트럴,37.5343559,126.6492859
스타벅스 인천청라한신,37.532212,126.647401
스타벅스 인천당하DT,37.593418,126.675556
스타벅스 인천청라타워돔,37.533884,126.652098
스타벅스 인천서구청DT,37.5424157,126.67636
스타벅스 인천청라,37.531852,126.652141
스타벅스 루원시티,37.5227753,126.6698189
스타벅스 인천공촌DT,37.55164,126.68534
스타벅스 인천청라DT,37.541371,126.647081
스타벅스 검단신도시,37.592603,126.71278
스타벅스 부평삼거리역DT,37.476788,126.710148
스타벅스 인천구월아시아드,37.442715,126.708511
스타벅스 인천터미널사거리,37.44526,126.700865
스타벅스 인천서창,37.424128,126.749997
스타벅스 인천간석DT,37.469719,126.690745
스타벅스 인천예술회관역,37.449472,126.701438
스타벅스 구월로데오,37.44420071,126.7021764
스타벅스 구월길병원,37.45167435,126.7074902
스타벅스 인천구월,37.4462001,126.70099720000007
스타벅스 인천논현,37.39952,126.72492
스타벅스 인천구월중앙,37.45587,126.71496
스타벅스 간석중앙공원DT,37.463301,126.700723
스타벅스 영종하늘도시,37.48964311698442,126.5614096679929
스타벅스 인천공항T2출국,37.4691084,126.4346961
스타벅스 인천공항T2에어,37.465769,126.433126
스타벅스 인천공항T2입국,37.46783,126.4323
스타벅스 영종도운서역,37.493991,126.492667
스타벅스 인천공항중앙,37.449611,126.450031
스타벅스 인천공항랜드,37.448963190910085,126.45147223073315
스타벅스 동해DT,37.520193,129.114767
스타벅스 동해IC DT,37.52873,129.10438
스타벅스 설악쏘라노,38.21059,128.528526
스타벅스 속초DT,38.1898709,128.58441240000002
스타벅스 속초중앙로,38.202593,128.589453
스타벅스 속초교동DT,38.1966412,128.5718716
스타벅스 속초금호DT,38.2090544007249,128.580487255221
스타벅스 춘천구봉산R,37.888306,127.776182
스타벅스 춘천후평DT,37.879435,127.750579
스타벅스 춘천석사DT,37.856608,127.739326
스타벅스 춘천명동,37.87999215,127.7275212
스타벅스 춘천이마트,37.86381381,127.71833
스타벅스 강원대,37.872749,127.745062
스타벅스 춘천퇴계DT,37.855291,127.726209
스타벅스 춘천온의,37.867636,127.720852
스타벅스 비발디파크,37.645094,127.682234
스타벅스 오션월드,37.648815,127.686053
스타벅스 강릉송정DT,37.771851,128.922839
스타벅스 강릉강문해변,37.794712,128.918555
스타벅스 강릉교동광장,37.764312,128.877061
스타벅스 강릉중앙로,37.7544531,128.8962224
스타벅스 강릉안목항,37.771376,128.948725
스타벅스 강릉IC DT,37.7467461225278,128.872311808285
스타벅스 강릉율곡DT,37.7698839,128.8922189
스타벅스 소노델피노,38.212094,128.493948
스타벅스 원주반곡DT,37.319904,127.97157
스타벅스 원주명륜DT,37.335971,127.949754
스타벅스 원주무실,37.332972,127.930448
스타벅스 원주혁신도시,37.323157,127.980611
스타벅스 원주터미널,37.343887,127.9311
스타벅스 오크밸리,37.43417495876176,127.81854393102704
스타벅스 원주IC DT,37.3796535787322,127.94888360686
스타벅스 원주단구DT,37.328515,127.953443
스타벅스 김해구산DT,35.255678,128.866418
스타벅스 김해진영DT,35.3058947,128.7313911
스타벅스 신세계김해,35.229471,128.872823
스타벅스 김해이마트,35.229471,128.872823
스타벅스 김해대로DT,35.227992,128.896545
스타벅스 김해외동DT,35.2293661,128.86279760000002
스타벅스 김해율하,35.176597,128.812782
스타벅스 김해삼계,35.261527,128.871614
스타벅스 김해내동,35.2371519,128.86752079999997
스타벅스 서김해IC DT,35.2038771973106,128.837970580838
스타벅스 김해주촌DT,35.235378,128.84415
스타벅스 김해가야로DT,35.2409026,128.8843414
스타벅스 장유대청,35.1904824838804,128.801458773585
스타벅스 장유율하,35.17158031793282,128.82264103029556
스타벅스 진영신도시,35.3074088,128.7352952
스타벅스 김해율하신도시,35.170945,128.813901
스타벅스 김해금관대로DT,35.2400698,128.8612046
스타벅스 밀양DT,35.4853274,128.7512487
스타벅스 경남사천DT,35.081409,128.083669
스타벅스 사천벌리,34.9411367,128.0863809
스타벅스 진주평거,35.172324,128.060063
스타벅스 진주칠암DT,35.174907,128.092942
스타벅스 진주중안,35.192977,128.082987
스타벅스 진주신안,35.184237,128.067852
스타벅스 진주경상대,35.15241245,128.1057139
스타벅스 진주초전DT,35.197388,128.116032
스타벅스 진주혁신도시,35.180806,128.143995
스타벅스 경상대칠암캠퍼스,35.1787,128.093582
스타벅스 마산회원DT,35.2206567,128.5744344
스타벅스 창원상남로,35.2213,128.681
스타벅스 마산역DT,35.2362004,128.5805449
스타벅스 마산해안대로DT,35.204197,128.580572
스타벅스 진해자은DT,35.143793,128.706881
스타벅스 창원역DT,35.257066,128.607861
스타벅스 창원호계DT,35.261507,128.523036
스타벅스 창원마창대교,35.170623,128.597273
스타벅스 삼성창원병원,35.242951,128.592019
스타벅스 마산터미널,35.2381341,128.58327
스타벅스 창원상남사거리,35.2201968,128.6834225
스타벅스 진해용원,35.101122,128.809896
스타벅스 창원리베라,35.223387,128.680163
스타벅스 창원상남중앙,35.222756,128.684363
스타벅스 창원상남동R,35.22446767,128.6839546
스타벅스 신세계마산,35.21960023,128.5863581
스타벅스 창원시티세븐,35.24025455,128.6527585
스타벅스 경남대,35.178461,128.5586
스타벅스 창원용지호수,35.229881,128.68189
스타벅스 마산월남동DT,35.186017487943346,128.5613020134848
스타벅스 마산봉암로DT,35.219082,128.599209
스타벅스 진해경화역DT,35.159492,128.691848
스타벅스 창원반림,35.2359692897466,128.671852378774
스타벅스 창원유니시티,35.256507,128.624929
스타벅스 창원NC파크R,35.222648,128.582419
스타벅스 창원중앙역,35.238753,128.701406
스타벅스 진해부산신항,35.0884076699402,128.814988691616
스타벅스 창원대로DT,35.2095615963132,128.683681913031
스타벅스 창원사파,35.2230593750904,128.70079848078
스타벅스 진해장천,35.13066,128.70353
스타벅스 창원파티마병원,35.2374,128.64592
스타벅스 창원내서,35.2490312214725,128.510681026083
스타벅스 마산진동DT,35.114308,128.482418
스타벅스 통영이마트,34.887148,128.418047
스타벅스 통영죽림,34.882242,128.422815
스타벅스 거제대로DT,34.894667,128.641559
스타벅스 거제고현,34.8907709,128.6221848
스타벅스 소노캄거제,34.843522,128.70264
스타벅스 거제옥포DT,34.88918,128.69154
스타벅스 거제장평,34.892974,128.608744
스타벅스 남양산IC DT,35.319987,129.030485
스타벅스 양산증산역,35.310553,129.009815
스타벅스 양산가촌,35.3171469065169,129.001498744995
스타벅스 양산덕계DT,35.375986,129.155662
스타벅스 양산터미널,35.3353404,129.02685
스타벅스 양산범어,35.3287435162243,129.014307074921
스타벅스 양산이마트,35.337026,129.026484
스타벅스 양산물금DT,35.3075354379422,128.986400471101
스타벅스 경산중방DT,35.827736,128.736944
스타벅스 영남대아트센터,35.8321641,128.7518856
스타벅스 영남대중앙도서관,35.8331655,128.7580143
스타벅스 영남대,35.836968,128.753065
스타벅스 대구가톨릭대,35.907786,128.812463
스타벅스 경산이마트,35.83571847,128.7197969
스타벅스 대구대학교,35.897261,128.848996
스타벅스 경산임당역DT,35.8335414,128.7454908
스타벅스 경산중산,35.83029669680521,128.71974238234182
스타벅스 경산하양DT,35.904849,128.823882
스타벅스 경주보문,35.836607,129.284983
스타벅스 경주터미널DT,35.838226,129.203324
스타벅스 경주황성,35.8638933,129.21298109999998
스타벅스 경주대릉원,35.8339927,129.2149807
스타벅스 경주보문호수DT,35.8532391,129.2686877
스타벅스 경주중앙,35.842119,129.212469
스타벅스 경주보문로DT,35.838831,129.285953
스타벅스 경주용강DT,35.8677384570479,129.224454581086
스타벅스 구미상모DT,36.0823172,128.35638470000004
스타벅스 구미도량DT,36.138474,128.316815
스타벅스 구미옥계,36.138285,128.419563
스타벅스 구미시청DT,36.1176314,128.34160680000002
스타벅스 구미인의,36.1069986,128.4207103
스타벅스 구미금오산DT,36.12245,128.323746
스타벅스 구미인동,36.10809343,128.4183751
스타벅스 구미공단,36.101533,128.385933
스타벅스 구미광평DT,36.10374,128.36359
스타벅스 구미문성DT,36.160862,128.342911
스타벅스 구미확장단지,36.155923,128.4299
스타벅스 상주무양DT,36.42637,128.157052
스타벅스 경북도청대로,36.5747342643423,128.485495539219
스타벅스 포항쌍용DT,36.0155,129.352589
스타벅스 포항오천,35.9642032,129.4027158
스타벅스 포항대이,36.025372,129.339307
스타벅스 포항이마트,35.991402,129.398459
스타벅스 포항시청,36.018247,129.342089
스타벅스 포항송도,36.0356471,129.3794457
스타벅스 포항IC DT,36.0354995,129.3330309
스타벅스 포항세명기독병원,36.017825,129.362026
스타벅스 포항포스코DT,35.996969,129.388271
스타벅스 문경새재,36.759398,128.077572
스타벅스 김천구미역,36.116366,128.181653
스타벅스 김천시청DT,36.132504,128.11759
스타벅스 김천부곡DT,36.12816,128.1013
스타벅스 안동이마트,36.558505,128.699308
스타벅스 안동병원,36.547024,128.70064
스타벅스 안동시청,36.5663574,128.7311385
스타벅스 안동강변DT,36.561867,128.739242
스타벅스 안동옥동,36.5622894296505,128.701536314643
스타벅스 영천완산DT,35.9670208,128.9488634
스타벅스 포항죽도DT,36.018521,129.347918
스타벅스 포항장성DT,36.074535,129.384214
스타벅스 포항양덕,36.0815505,129.3981614
스타벅스 포항중앙,36.038713,129.364099
스타벅스 포항영일대비치,36.0549919,129.37698060000002
스타벅스 포항법원DT,36.088505,129.385016
스타벅스 포항중앙로DT,36.030707,129.366266
스타벅스 전남광양DT,34.9431962,127.69779243
스타벅스 광양LF,34.963281,127.566205
스타벅스 광양마동DT,34.940272,127.705859
스타벅스 목포터미널DT,34.8101683,126.4169697
스타벅스 목포하당,34.803958,126.419806
스타벅스 목포북항DT,34.8086337,126.3732658
스타벅스 목포옥암,34.807386,126.4272671
스타벅스 목포평화광장,34.796986,126.43495
스타벅스 목포이마트,34.811595,126.425164
스타벅스 목포용해DT,34.8221766,126.3941505
스타벅스 목포남악,34.8131423,126.4617254
스타벅스 전남도청DT,34.810407,126.460422
스타벅스 순천연향,34.952252,127.518725
스타벅스 순천신대,34.933509,127.550306
스타벅스 순천호수공원,34.968146,127.523261
스타벅스 순천조례,34.971612,127.520805
스타벅스 순천용당DT,34.9801606,127.485398
스타벅스 순천팔마DT,34.9351333,127.5216868
스타벅스 순천이마트,34.9424196249689,127.508739614794
스타벅스 순천오천,34.9370514855309,127.495604561002
스타벅스 여수해양공원,34.738437,127.744285
스타벅스 여수학동DT,34.76151,127.660968
스타벅스 여수웅천,34.746166,127.671046
스타벅스 여수둔덕DT,34.768947,127.697469
스타벅스 여수여서,34.752883,127.704195
스타벅스 여수여천,34.75984,127.667034
스타벅스 더여수돌산DT,34.727515,127.743784
스타벅스 여수신월DT,34.72469427,127.70887073
스타벅스 여수마리나,34.74037053,127.67784699
스타벅스 전남화순DT,35.0685265672376,126.988766609482
스타벅스 전남나주,35.022514,126.788058
스타벅스 나주혁신DT,35.021078,126.802196
스타벅스 전북김제DT,35.806162378081,126.906437024493
스타벅스 전북남원DT,35.4038734001655,127.382879964388
스타벅스 익산모현,35.948353,126.942392
스타벅스 익산영등DT,35.959316,126.968766
스타벅스 익산영등,35.958206,126.973766
스타벅스 익산어양,35.9646868,126.9801194
스타벅스 익산동산DT,35.929203191884,126.958252723202
스타벅스 전주송천DT,35.867469,127.121929
스타벅스 전북대병원DT,35.842014,127.137492
스타벅스 전주혁신도시,35.83811,127.059364
스타벅스 전주덕진광장DT,35.842878,127.124205
스타벅스 전북대,35.8429149,127.12682289999998
스타벅스 전주에코시티,35.8730804271739,127.124589347394
스타벅스 전주인후DT,35.825831,127.164394
스타벅스 전주호성DT,35.86343771221437,127.150815264746
스타벅스 전주만성DT,35.8366124098115,127.077815422256
스타벅스 전주IC DT,35.8680183497423,127.074447294819
스타벅스 전주시청,35.8256868638257,127.146223309261
스타벅스 전주평화DT,35.788482,127.131075
스타벅스 전주백제대로DT,35.814654,127.123414
스타벅스 전주효자DT,35.8058839,127.1110843
스타벅스 전주서신,35.8345971,127.1161323
스타벅스 전주홍산로,35.8148784,127.1064483
스타벅스 전주한옥마을,35.8134452,127.1485323
스타벅스 전북도청,35.81559,127.109351
스타벅스 전주경원,35.819775,127.144494
스타벅스 전주신시가지,35.817258,127.101759
스타벅스 전주이마트,35.83232,127.12023
스타벅스 전주효천DT,35.8007884975074,127.099306207086
스타벅스 전북정읍DT,35.570273,126.851701
스타벅스 군산나운DT,35.962771,126.695586
스타벅스 군산수송,35.964213,126.717207
스타벅스 군산대,35.945739,126.685965
스타벅스 군산이마트,35.98267704587059,126.73495152434148
스타벅스 군산조촌DT,35.9669574466243,126.734627249091
스타벅스 군산수송DT,35.959044,126.714635
스타벅스 공주동학사DT,36.36336,127.2535628
스타벅스 공주신관,36.474648,127.14003
스타벅스 공주DT,36.46815,127.14274
스타벅스 논산중앙,36.2012496,127.0899058
스타벅스 논산내동DT,36.182035,127.09979
스타벅스 충남보령DT,36.3408254,126.5893248
스타벅스 대천해수욕장,36.31489291039608,126.51211639981116
스타벅스 서산예천DT,36.771727,126.440171
스타벅스 서산호수,36.776653,126.448646
스타벅스 서산석남DT,36.7649348,126.4532335
스타벅스 천안신부R,36.819309,127.157715
스타벅스 천안청당,36.785895,127.157564
스타벅스 천안안서,36.830087,127.179779
스타벅스 천안IC DT,36.82025,127.1615
스타벅스 천안원성DT,36.8040108191267,127.158508258844
스타벅스 신세계천안아산,36.819645,127.157085
스타벅스 천안청당신도시,36.781451,127.152767
스타벅스 천안대로DT,36.795121,127.164257
스타벅스 천안서북이마트,36.838876,127.122399
스타벅스 천안백석,36.823793,127.121751
스타벅스 천안불당DT,36.805399,127.10609
스타벅스 천안서부대로DT,36.8035728,127.12717999999995
스타벅스 천안두정역DT,36.83287887809728,127.14631562178056
스타벅스 천안시청,36.8165367,127.1065647
스타벅스 천안쌍용역,36.793123,127.12223
스타벅스 천안신불당,36.812323,127.108287
스타벅스 천안성정DT,36.8253941,127.1403512
스타벅스 천안불당,36.8100104,127.1109606
스타벅스 천안두정,36.833981,127.134838
스타벅스 천안이마트,36.795879,127.127159
스타벅스 천안업성레이크,36.8455354220818,127.138131101768
스타벅스 충남홍성DT,36.609888,126.663499
스타벅스 충남도청,36.657028,126.681598
스타벅스 계룡대로DT,36.288381,127.244398
스타벅스 당진시곡DT,36.903029,126.683873
스타벅스 당진문예의전당,36.891205,126.638986
스타벅스 아산방축DT,36.783636,126.992786
스타벅스 아산배방,36.774872,127.053978
스타벅스 아산탕정,36.798663,127.058333
스타벅스 아산용화,36.774397,127.008545
스타벅스 아산터미널,36.783865,127.0162904
스타벅스 아산권곡,36.788475472035394,127.01595381798683
스타벅스 아산탕정역,36.787035538908,127.083770645339
스타벅스 아산모종,36.7763001572423,127.028425229056
스타벅스 천안아산역,36.797641,127.105792
스타벅스 충북증평,36.789084,127.578648
스타벅스 청주용암DT,36.607867,127.503945
스타벅스 청주용담DT,36.634172,127.50511
스타벅스 청주서문,36.635373,127.486041
스타벅스 청주동남,36.6154896,127.5164368
스타벅스 충주호암DT,36.959262,127.923655
스타벅스 충주시청DT,36.9900658,127.9287563
스타벅스 충주터미널,36.980662,127.915191
스타벅스 충주연수,36.982721,127.939889
스타벅스 충주교현DT,36.9669539347259,127.947289361446
스타벅스 충북혁신도시,36.908813,127.542587
스타벅스 제천DT,37.143691,128.213266
스타벅스 청주비하DT,36.63846427309328,127.42233788034252
스타벅스 청주오송,36.629921,127.33282
스타벅스 청주봉명DT,36.646765,127.464772
스타벅스 청주강서,36.625422,127.430108
스타벅스 청주지웰시티,36.643359,127.427107
스타벅스 현대충청,36.644407,127.426305
스타벅스 청주터미널,36.626769,127.432035
스타벅스 오송바이오산업단지,36.6326194371358,127.327235829116
스타벅스 청주서현,36.61781159214528,127.42924727083609
스타벅스 청주복대지웰,36.64182,127.42812
스타벅스 청주이마트,36.6011458,127.4746811
스타벅스 청주사직DT,36.635848,127.481034
스타벅스 청주성화,36.6176114,127.44608549999998
스타벅스 충북대,36.633965,127.459715
스타벅스 청주분평DT,36.605664,127.494821
스타벅스 오창호수공원,36.712751,127.427283
스타벅스 청주율량DT,36.66623,127.493207
스타벅스 오창과학단지,36.716466,127.423272
스타벅스 충북혁신덕산,36.899775,127.529365
스타벅스 제주신화월드R,33.306608,126.316714
스타벅스 제주에듀시티,33.291788,126.284407
스타벅스 제주성산DT,33.44998,126.920605
스타벅스 제주중문DT,33.2549983,126.41590589999998
스타벅스 제주송악산,33.206799,126.290035
스타벅스 서귀포DT,33.2492775,126.50652289999992
스타벅스 성산일출봉,33.462865,126.935544
스타벅스 제주중문,33.251128,126.412752
스타벅스 서귀포올레,33.2483024645772,126.563777617613
스타벅스 제주서귀포남원DT,33.2828825,126.718877
스타벅스 제주도남DT,33.480565,126.523646
스타벅스 제주협재,33.393839,126.24049
스타벅스 제주외도DT,33.492554,126.427169
스타벅스 제주삼화DT,33.5117687,126.5804734
스타벅스 제주시청,33.500516,126.529711
스타벅스 제주함덕,33.542511,126.668567
스타벅스 제주노형공원,33.481794,126.482523
스타벅스 제주애월DT,33.47278,126.348739
스타벅스 제주칠성,33.513349,126.5252435
스타벅스 제주노형,33.4878111,126.4818612
스타벅스 제주용담DT,33.512345,126.484564
스타벅스 신제주이마트,33.484959,126.480478
스타벅스 제주노형로,33.4834410103164,126.476159449097
스타벅스 제주노형DT,33.4908499861488,126.474278374413
스타벅스 제주한라수목원DT,33.4690200090396,126.484585553868
스타벅스 제주서해안로DT,33.5167857,126.5035553
스타벅스 제주일도DT,33.5073284,126.540898
스타벅스 제주공항DT,33.5005664,126.5054842
스타벅스 제주평화로DT,33.4631102535513,126.451049084879
스타벅스 세종다정DT,36.494878,127.255384
스타벅스 세종보람,36.4773322231936,127.28651937895552
스타벅스 세종새롬,36.486896,127.250718
스타벅스 세종어진R,36.508188,127.261188
스타벅스 세종종촌,36.5041123,127.2493812
스타벅스 세종첫마을,36.4803826,127.2617948
스타벅스 세종이마트,36.4712189,127.2509973
스타벅스 세종청사,36.504565,127.270769
스타벅스 세종아름,36.51188,127.24277
스타벅스 세종반곡,36.4978562567888,127.31004736092
스타벅스 세종한솔,36.479955,127.253348
스타벅스 세종소담,36.485755,127.300509
스타벅스 세종충남대학교병원,36.51936,127.25828
